#,PC Name,No,Type,State,Winning Candidate,Party,Electors,Votes,Turnout,Margin,Margin %
1,Adilabad,1,ST,Telangana,Godam Nagesh,Telangana Rashtra Samithi,"13,86,233","10,45,839",75.4 %,"1,71,290",16.40%
2,Agra,18,SC,Uttar Pradesh [2000 Onwards],Dr. Ram Shankar Katheria,Bharatiya Janta Party,"18,14,739","10,70,400",59.0 %,"3,00,263",28.10%
3,Ahmadnagar,37,GEN,Maharashtra,Gandhi Dilipkumar Mansukhlal,Bharatiya Janta Party,"16,99,408","10,62,318",62.5 %,"2,09,122",19.70%
4,Ahmedabad East,7,GEN,Gujarat,Paresh Rawal,Bharatiya Janta Party,"16,01,832","9,85,525",61.5 %,"3,26,633",33.10%
5,Ahmedabad West,8,SC,Gujarat,Dr. Kirit P Solanki,Bharatiya Janta Party,"15,34,400","9,64,609",62.9 %,"3,20,311",33.20%
6,Ajmer,13,GEN,Rajasthan,Sanwar Lal Jat,Bharatiya Janta Party,"16,83,292","11,56,314",68.7 %,"1,71,983",14.90%
7,Akbarpur,44,GEN,Uttar Pradesh [2000 Onwards],Devendra Singh @ Bhole Singh,Bharatiya Janta Party,"17,68,623","9,71,375",54.9 %,"2,78,997",28.70%
8,Akola,6,GEN,Maharashtra,Dhotre Sanjay Shamrao,Bharatiya Janta Party,"16,46,463","9,78,491",59.4 %,"2,03,116",20.80%
9,Alappuzha,15,GEN,Kerala,K C Venugopal,Indian National Congress,"12,71,324","9,97,464",78.5 %,"19,407",1.90%
10,Alathur,9,SC,Kerala,P.K.Biju,Communist Party Of India (MARXIST),"12,16,351","9,27,228",76.2 %,"37,312",4.00%
11,Aligarh,15,GEN,Uttar Pradesh [2000 Onwards],Satish Kumar,Bharatiya Janta Party,"17,93,126","10,64,357",59.4 %,"2,86,736",26.90%
12,Alipurduars,2,ST,West Bengal,Dasrath Tirkey,All India Trinamool Congress,"14,70,911","12,23,566",83.2 %,"21,397",1.70%
13,Allahabad,52,GEN,Uttar Pradesh [2000 Onwards],Shyama Charan Gupta,Bharatiya Janta Party,"16,66,569","8,91,582",53.5 %,"62,009",7.00%
14,Almora,3,SC,Uttarakhand,Ajay Tamta,Bharatiya Janta Party,"12,54,328","6,56,525",52.3 %,"95,690",14.60%
15,Alwar,8,GEN,Rajasthan,Chand Nath,Bharatiya Janta Party,"16,28,067","10,62,305",65.3 %,"2,83,895",26.70%
16,Amalapuram,24,SC,Andhra Pradesh [2014 Onwards],Dr Pandula Ravindra Babu,Telugu Desam,"13,57,866","11,20,927",82.6 %,"1,20,576",10.80%
17,Ambala,1,SC,Haryana,Rattan Lal Kataria,Bharatiya Janta Party,"16,92,227","12,18,995",72.0 %,"3,40,074",27.90%
18,Ambedkar Nagar,55,GEN,Uttar Pradesh [2000 Onwards],Hari Om Pandey,Bharatiya Janta Party,"17,18,774","10,34,404",60.2 %,"1,39,429",13.50%
19,Amethi,37,GEN,Uttar Pradesh [2000 Onwards],Rahul Gandhi,Indian National Congress,"16,69,843","8,74,625",52.4 %,"1,07,903",12.30%
20,Amravati,7,SC,Maharashtra,Adsul Anandrao Vithoba,Shiv Sena,"16,11,365","10,04,061",62.3 %,"1,37,932",13.70%
21,Amreli,14,GEN,Gujarat,Kachhadiya Naranbhai Bhikhabhai,Bharatiya Janta Party,"14,86,286","8,08,816",54.4 %,"1,56,232",19.30%
22,Amritsar,2,GEN,Punjab,Captain Amarinder Singh,Indian National Congress,"14,77,262","10,07,196",68.2 %,"1,02,770",10.20%
23,Amroha,9,GEN,Uttar Pradesh [2000 Onwards],Kanwar Singh Tanwar,Bharatiya Janta Party,"15,44,242","10,95,860",71.0 %,"1,58,214",14.40%
24,Anakapalli,22,GEN,Andhra Pradesh [2014 Onwards],Muttamsetti Srinivasa Rao (AVANTHI),Telugu Desam,"14,01,474","11,48,072",81.9 %,"47,932",4.20%
25,Anand,16,GEN,Gujarat,Dilip Patel,Bharatiya Janta Party,"14,96,859","9,70,894",64.9 %,"63,426",6.50%
26,Anandpur Sahib,6,GEN,Punjab,Prem Singh Chandumajra,Shiromani Akali Dal,"15,64,721","10,86,563",69.4 %,"23,697",2.20%
27,Anantapur,36,GEN,Andhra Pradesh [2014 Onwards],J.C. Divakar Reddi,Telugu Desam,"15,36,912","12,05,054",78.4 %,"61,269",5.10%
28,Anantnag,3,GEN,Jammu & Kashmir,Mehbooba Mufti,Jammu & Kashmir Peoples Democratic Party,"13,01,023","3,75,279",28.8 %,"65,417",17.40%
29,Andaman And Nicobar Islands,1,GEN,Andaman & Nicobar Islands,Bishnu Pada Ray,Bharatiya Janta Party,"2,69,360","1,90,328",70.7 %,"7,812",4.10%
30,Aonla,24,GEN,Uttar Pradesh [2000 Onwards],Dharmendra Kumar,Bharatiya Janta Party,"16,53,577","9,95,641",60.2 %,"1,38,429",13.90%
31,Arakkonam,7,GEN,Tamil Nadu,"Hari, G.",All India Anna Dravida Munnetra Kazhagam,"14,01,545","10,89,052",77.7 %,"2,40,766",22.10%
32,Arambagh,29,SC,West Bengal,Aparupa Poddar (AFRIN ALI),All India Trinamool Congress,"16,00,293","13,61,934",85.1 %,"3,46,845",25.50%
33,Arani,12,GEN,Tamil Nadu,V.Elumalai,All India Anna Dravida Munnetra Kazhagam,"13,69,668","10,96,046",80.0 %,"2,43,844",22.20%
34,Araria,9,GEN,Bihar [2000 Onwards],Tasleem Uddin,Rashtriya Janata Dal,"15,87,348","9,75,811",61.5 %,"1,46,504",15.00%
35,Arrah,32,GEN,Bihar [2000 Onwards],Raj Kumar Singh,Bharatiya Janta Party,"18,32,332","8,93,213",48.8 %,"1,35,870",15.20%
36,Aruku,18,ST,Andhra Pradesh [2014 Onwards],Kothapalli Geetha,Yuvajana Sramika Rythu Congress Party,"12,72,724","9,09,614",71.5 %,"91,398",10.00%
37,Arunachal East,2,GEN,Arunachal Pradesh,Ninong Ering,Indian National Congress,"3,12,872","2,61,291",83.5 %,"12,478",4.80%
38,Arunachal West,1,GEN,Arunachal Pradesh,Kiren Rijiju,Bharatiya Janta Party,"4,46,515","3,35,665",75.2 %,"41,738",12.40%
39,Asansol,40,GEN,West Bengal,Babul Supriya Baral (BABUL SUPRIYO),Bharatiya Janta Party,"14,69,684","11,42,395",77.7 %,"70,480",6.20%
40,Aska,19,GEN,Orissa,Ladu Kishore Swain,Biju Janata Dal,"14,08,780","8,96,281",63.6 %,"3,11,997",34.80%
41,Attingal,19,GEN,Kerala,Dr.A .Sampath,Communist Party Of India (MARXIST),"12,51,398","8,59,350",68.7 %,"69,378",8.10%
42,Aurangabad,37,GEN,Bihar [2000 Onwards],Sushil Kumar Singh,Bharatiya Janta Party,"15,36,153","7,86,274",51.2 %,"66,347",8.40%
43,Aurangabad,19,GEN,Maharashtra,Chandrakant Bhaurao Khaire,Shiv Sena,"15,89,393","9,82,933",61.8 %,"1,62,000",16.50%
44,Autonomous District,3,ST,Assam,Biren Singh Engti,Indian National Congress,"7,01,890","5,43,280",77.4 %,"24,095",4.40%
45,Azamgarh,69,GEN,Uttar Pradesh [2000 Onwards],Mulayam Singh Yadav,Samajwadi Party,"17,03,222","9,60,218",56.4 %,"63,204",6.60%
46,Badaun,23,GEN,Uttar Pradesh [2000 Onwards],Dharmendra Yadav,Samajwadi Party,"17,69,145","10,27,594",58.1 %,"1,66,347",16.20%
47,Bagalkot,3,GEN,Karnataka,Gaddigoudar Parvtagouda Chandanagouda,Bharatiya Janta Party,"15,68,620","10,79,310",68.8 %,"1,16,560",10.80%
48,Baghpat,11,GEN,Uttar Pradesh [2000 Onwards],Dr. Satya Pal Singh,Bharatiya Janta Party,"15,05,175","10,04,263",66.7 %,"2,09,866",20.90%
49,Baharampur,10,GEN,West Bengal,Adhir Ranjan Chowdhury,Indian National Congress,"14,53,783","11,54,587",79.4 %,"3,56,567",30.90%
50,Bahraich,56,SC,Uttar Pradesh [2000 Onwards],Sadhvi Savitri Bai Foole,Bharatiya Janta Party,"16,38,645","9,34,263",57.0 %,"95,645",10.20%
51,Balaghat,15,GEN,Madhya Pradesh [2000 Onwards],Bodhsingh Bhagat,Bharatiya Janta Party,"16,29,769","11,13,364",68.3 %,"96,041",8.60%
52,Balasore,6,GEN,Orissa,Rabindra Kumar Jena,Biju Janata Dal,"13,66,218","10,49,450",76.8 %,"1,41,825",13.50%
53,Ballia,72,GEN,Uttar Pradesh [2000 Onwards],Bharat Singh,Bharatiya Janta Party,"17,68,271","9,42,211",53.3 %,"1,39,434",14.80%
54,Balurghat,6,GEN,West Bengal,Arpita Ghosh,All India Trinamool Congress,"12,54,497","10,63,053",84.7 %,"1,06,964",10.10%
55,Banaskantha,2,GEN,Gujarat,Chaudhary Haribhai Parthibhai,Bharatiya Janta Party,"15,15,711","8,86,634",58.5 %,"2,02,334",22.80%
56,Banda,48,GEN,Uttar Pradesh [2000 Onwards],Bhairon Prasad Mishra,Bharatiya Janta Party,"16,01,917","8,58,326",53.6 %,"1,15,788",13.50%
57,Bangalore Central,25,GEN,Karnataka,P.C. Mohan,Bharatiya Janta Party,"19,31,663","10,74,589",55.6 %,"1,37,500",12.80%
58,Bangalore North,24,GEN,Karnataka,D.V Sadananda Gowda,Bharatiya Janta Party,"24,01,472","13,56,718",56.5 %,"2,29,764",16.90%
59,Bangalore Rural,23,GEN,Karnataka,D K Suresh,Indian National Congress,"21,90,397","14,55,244",66.4 %,"2,31,480",15.90%
60,Bangalore South,26,GEN,Karnataka,Ananth Kumar,Bharatiya Janta Party,"19,99,882","11,13,726",55.7 %,"2,28,575",20.50%
61,Bangaon,14,SC,West Bengal,Kapil Krishna Thakur,All India Trinamool Congress,"15,40,713","12,83,688",83.3 %,"1,46,601",11.40%
62,Banka,27,GEN,Bihar [2000 Onwards],Jai Prakash Narayan Yadav,Rashtriya Janata Dal,"15,49,456","8,99,353",58.0 %,"10,144",1.10%
63,Bankura,36,GEN,West Bengal,Sreemati Dev Varma (MOON MOON SEN),All India Trinamool Congress,"15,03,812","12,36,319",82.2 %,"98,506",8.00%
64,Bansgaon,67,SC,Uttar Pradesh [2000 Onwards],Kamlesh Paswan,Bharatiya Janta Party,"17,60,110","8,77,877",49.9 %,"1,89,516",21.60%
65,Banswara,20,ST,Rajasthan,Manshankar Ninama,Bharatiya Janta Party,"16,92,502","11,71,188",69.2 %,"91,916",7.80%
66,Bapatla,32,SC,Andhra Pradesh [2014 Onwards],Malyadri Sriram,Telugu Desam,"13,92,965","11,84,634",85.0 %,"32,754",2.80%
67,Bara Banki,53,SC,Uttar Pradesh [2000 Onwards],Priyanka Singh Rawat,Bharatiya Janta Party,"17,21,282","10,68,168",62.1 %,"2,11,878",19.80%
68,Baramati,35,GEN,Maharashtra,Supriya Sule,Nationalist Congress Party,"18,13,543","10,66,556",58.8 %,"69,719",6.50%
69,Baramulla,1,GEN,Jammu & Kashmir,Muzaffar Hussain Baig,Jammu & Kashmir Peoples Democratic Party,"11,90,745","4,65,992",39.1 %,"29,219",6.30%
70,Barasat,17,GEN,West Bengal,Dr. Kakali Ghoshdostidar,All India Trinamool Congress,"15,12,792","12,69,331",83.9 %,"1,73,141",13.60%
71,Bardhaman Purba,38,SC,West Bengal,Sunil Kumar Mondal,All India Trinamool Congress,"15,32,244","13,20,922",86.2 %,"1,14,479",8.70%
72,Bardoli,23,ST,Gujarat,Vasava Parbhubhai Nagarbhai,Bharatiya Janta Party,"16,14,106","12,06,179",74.7 %,"1,23,884",10.30%
73,Bareilly,25,GEN,Uttar Pradesh [2000 Onwards],Santosh Kumar Gangwar,Bharatiya Janta Party,"16,64,081","10,17,891",61.2 %,"2,40,685",23.60%
74,Bargarh,1,GEN,Orissa,Prabhas Kumar Singh,Biju Janata Dal,"14,30,717","11,23,301",78.5 %,"11,178",1.00%
75,Barmer,17,GEN,Rajasthan,Col. Sona Ram,Bharatiya Janta Party,"16,77,582","12,19,119",72.7 %,"87,461",7.20%
76,Barpeta,6,GEN,Assam,Siraj Uddin Ajmal,All India United Democratic Front,"14,30,175","12,05,863",84.3 %,"42,341",3.50%
77,Barrackpore,15,GEN,West Bengal,Dinesh Trivedi,All India Trinamool Congress,"12,87,222","10,51,130",81.7 %,"2,06,773",19.70%
78,Basirhat,18,GEN,West Bengal,Idris Ali,All India Trinamool Congress,"14,90,596","12,73,771",85.5 %,"1,09,659",8.60%
79,Bastar,10,ST,Chhattisgarh,Dinesh Kashyap,Bharatiya Janta Party,"12,98,059","7,69,913",59.3 %,"1,24,359",16.20%
80,Basti,61,GEN,Uttar Pradesh [2000 Onwards],Harish Chandra Alias Harish Dwivedi,Bharatiya Janta Party,"18,47,613","10,48,534",56.8 %,"33,562",3.20%
81,Beed,39,GEN,Maharashtra,Munde Gopinathrao Pandurang,Bharatiya Janta Party,"17,92,650","12,32,202",68.7 %,"1,36,454",11.10%
82,Begusarai,24,GEN,Bihar [2000 Onwards],Bhola Singh,Bharatiya Janta Party,"17,78,759","10,77,855",60.6 %,"58,335",5.40%
83,Belgaum,2,GEN,Karnataka,Angadi Suresh Channabasappa,Bharatiya Janta Party,"15,81,017","10,78,547",68.2 %,"75,860",7.00%
84,Bellary,9,ST,Karnataka,B. Sreeramulu,Bharatiya Janta Party,"14,87,945","10,45,772",70.3 %,"85,144",8.10%
85,Berhampur,20,GEN,Orissa,Sidhant Mohapatra,Biju Janata Dal,"13,34,268","9,05,362",67.9 %,"1,27,720",14.10%
86,Betul,29,ST,Madhya Pradesh [2000 Onwards],Jyoti Dhurve,Bharatiya Janta Party,"16,07,822","10,47,719",65.2 %,"3,28,614",31.40%
87,Bhadohi,78,GEN,Uttar Pradesh [2000 Onwards],Virendra Singh,Bharatiya Janta Party,"18,34,598","9,81,552",53.5 %,"1,58,039",16.10%
88,Bhadrak,7,SC,Orissa,Arjun Charan Sethi,Biju Janata Dal,"14,69,498","10,81,339",73.6 %,"1,79,359",16.60%
89,Bhagalpur,26,GEN,Bihar [2000 Onwards],Shailesh Kumar Urph Bulo Mandal,Rashtriya Janata Dal,"16,85,339","9,74,016",57.8 %,"9,485",1.00%
90,Bhandara - Gondiya,11,GEN,Maharashtra,Nanabhau Falgunrao Patole,Bharatiya Janta Party,"16,56,284","11,97,196",72.3 %,"1,49,254",12.50%
91,Bharatpur,9,SC,Rajasthan,Bahadur Singh,Bharatiya Janta Party,"16,86,897","9,62,432",57.1 %,"2,45,468",25.50%
92,Bharuch,22,GEN,Gujarat,Vasava Mansukhbhai Dhanjibhai,Bharatiya Janta Party,"14,17,548","10,60,211",74.8 %,"1,53,273",14.50%
93,Bhatinda,11,GEN,Punjab,Harsimrat Kaur Badal,Shiromani Akali Dal,"15,25,289","11,76,767",77.2 %,"19,395",1.60%
94,Bhavnagar,15,GEN,Gujarat,Dr. Bharatiben Dhirubhai Shiyal,Bharatiya Janta Party,"15,94,531","9,17,402",57.5 %,"2,95,488",32.20%
95,Bhilwara,23,GEN,Rajasthan,Subhash Baheria,Bharatiya Janta Party,"17,54,877","11,04,090",62.9 %,"2,46,264",22.30%
96,Bhind,2,SC,Madhya Pradesh [2000 Onwards],Dr. Bhagirath Prasad,Bharatiya Janta Party,"15,98,169","7,29,084",45.6 %,"1,59,961",21.90%
97,Bhiwandi,23,GEN,Maharashtra,Kapil Moreshwar Patil,Bharatiya Janta Party,"16,96,589","8,75,605",51.6 %,"1,09,450",12.50%
98,Bhiwani-Mahendragarh,8,GEN,Haryana,Dharambir S/o Bhale Ram,Bharatiya Janta Party,"14,73,912","10,30,431",69.9 %,"1,29,394",12.60%
99,Bhongir,14,GEN,Telangana,Dr. Boora Narsaiah Goud,Telangana Rashtra Samithi,"14,92,251","12,11,943",81.2 %,"30,494",2.50%
100,Bhopal,19,GEN,Madhya Pradesh [2000 Onwards],Alok Sanjar,Bharatiya Janta Party,"19,56,936","11,30,182",57.8 %,"3,70,696",32.80%
101,Bhubaneswar,18,GEN,Orissa,Prasanna Kumar Patasani,Biju Janata Dal,"15,27,768","8,91,822",58.4 %,"1,89,477",21.20%
102,Bidar,7,GEN,Karnataka,Bhagwanth Khuba,Bharatiya Janta Party,"16,00,962","9,59,384",59.9 %,"92,222",9.60%
103,Bijapur,4,SC,Karnataka,Ramesh Jigajinagi,Bharatiya Janta Party,"16,22,635","9,66,757",59.6 %,"69,819",7.20%
104,Bijnor,4,GEN,Uttar Pradesh [2000 Onwards],Kunwar Bhartendra,Bharatiya Janta Party,"15,62,065","10,60,346",67.9 %,"2,05,774",19.40%
105,Bikaner,2,SC,Rajasthan,Arjun Ram Meghwal,Bharatiya Janta Party,"15,91,068","9,29,751",58.4 %,"3,08,079",33.10%
106,Bilaspur,5,GEN,Chhattisgarh,Lakhan Lal Sahu,Bharatiya Janta Party,"17,27,325","10,90,457",63.1 %,"1,76,436",16.20%
107,Birbhum,42,GEN,West Bengal,Satabdi Roy,All India Trinamool Congress,"14,95,108","12,75,819",85.3 %,"67,263",5.30%
108,Bishnupur,37,SC,West Bengal,Khan Saumitra,All India Trinamool Congress,"14,66,921","12,72,070",86.7 %,"1,49,685",11.80%
109,Bolangir,10,GEN,Orissa,Kalikesh Narayan Singh Deo,Biju Janata Dal,"15,63,025","11,70,405",74.9 %,"1,04,299",8.90%
110,Bolpur,41,SC,West Bengal,Anupam Hazra,All India Trinamool Congress,"15,38,429","13,04,756",84.8 %,"2,36,112",18.10%
111,Bulandshahr,14,SC,Uttar Pradesh [2000 Onwards],Bhola Singh,Bharatiya Janta Party,"17,36,447","10,09,710",58.2 %,"4,21,973",41.80%
112,Buldhana,5,GEN,Maharashtra,Jadhav Prataprao Ganpatrao,Shiv Sena,"15,96,234","9,78,626",61.3 %,"1,59,579",16.30%
113,Burdwan - Durgapur,39,GEN,West Bengal,Dr. Mamtaz Sanghamita,All India Trinamool Congress,"15,83,498","13,31,242",84.1 %,"1,07,331",8.10%
114,Buxar,33,GEN,Bihar [2000 Onwards],Ashwini Kumar Choubey,Bharatiya Janta Party,"16,40,567","8,88,204",54.1 %,"1,32,338",14.90%
115,Chalakudy,11,GEN,Kerala,Innocent,Independent,"11,50,491","8,84,033",76.8 %,"13,884",1.60%
116,Chamarajanagar,22,SC,Karnataka,R. Dhruvanarayana,Indian National Congress,"15,55,779","11,33,029",72.8 %,"1,41,182",12.50%
117,Chandauli,76,GEN,Uttar Pradesh [2000 Onwards],Dr Mahendra Nath Pandey,Bharatiya Janta Party,"16,69,140","9,80,572",58.8 %,"1,56,756",16.00%
118,Chandigarh,1,GEN,Chandigarh,Kher Kirron Anupam,Bharatiya Janta Party,"6,15,214","4,53,455",73.7 %,"69,642",15.40%
119,Chandni Chowk,1,GEN,Delhi [1977 Onwards],Dr. Harsh Vardhan,Bharatiya Janta Party,"14,47,228","9,81,863",67.8 %,"1,36,320",13.90%
120,Chandrapur,13,GEN,Maharashtra,Ahir Hansraj Gangaram,Bharatiya Janta Party,"17,53,690","11,09,743",63.3 %,"2,36,269",21.30%
121,Chatra,4,GEN,Jharkhand,Sunil Kumar Singh,Bharatiya Janta Party,"13,12,545","7,12,971",54.3 %,"1,78,026",25.00%
122,Chelvella,10,GEN,Telangana,Konda Vishweshwar Reddy,Telangana Rashtra Samithi,"21,85,179","13,15,862",60.2 %,"73,023",5.50%
123,Chennai Central,4,GEN,Tamil Nadu,S.R. Vijayakumar,All India Anna Dravida Munnetra Kazhagam,"13,28,027","8,14,894",61.4 %,"45,841",5.60%
124,Chennai North,2,GEN,Tamil Nadu,Venkatesh Babu .T.G,All India Anna Dravida Munnetra Kazhagam,"14,22,386","9,10,114",64.0 %,"99,704",11.00%
125,Chennai South,3,GEN,Tamil Nadu,Dr. J. Jayavardhan,All India Anna Dravida Munnetra Kazhagam,"17,95,780","10,81,163",60.2 %,"1,36,625",12.60%
126,Chhindwara,16,GEN,Madhya Pradesh [2000 Onwards],Kamal Nath,Indian National Congress,"14,01,277","11,07,498",79.0 %,"1,16,537",10.50%
127,Chhota Udaipur,21,ST,Gujarat,Ramsinh Rathwa,Bharatiya Janta Party,"15,36,305","11,00,542",71.6 %,"1,79,729",16.30%
128,Chidambaram,27,SC,Tamil Nadu,"Chandrakasi, M",All India Anna Dravida Munnetra Kazhagam,"13,66,189","10,88,423",79.7 %,"1,28,495",11.80%
129,Chikballapur,27,GEN,Karnataka,M Veerappa Moily,Indian National Congress,"16,58,342","12,63,274",76.2 %,"9,520",0.80%
130,Chikkodi,1,GEN,Karnataka,Prakash Babanna Hukkeri,Indian National Congress,"14,42,296","10,71,103",74.3 %,"3,003",0.30%
131,Chitradurga,18,SC,Karnataka,B.N.Chandrappa,Indian National Congress,"16,61,272","10,96,499",66.0 %,"1,01,291",9.20%
132,Chittoor,42,SC,Andhra Pradesh [2014 Onwards],Naramalli Sivaprasad,Telugu Desam,"14,52,141","11,98,915",82.6 %,"44,138",3.70%
133,Chittorgarh,21,GEN,Rajasthan,Chandra Prakash Joshi,Bharatiya Janta Party,"18,18,147","11,72,629",64.5 %,"3,16,857",27.00%
134,Churu,3,GEN,Rajasthan,Rahul Kaswan,Bharatiya Janta Party,"17,53,825","11,31,104",64.5 %,"2,94,739",26.10%
135,Coimbatore,20,GEN,Tamil Nadu,"Nagarajan, P.",All India Anna Dravida Munnetra Kazhagam,"17,20,211","11,76,620",68.4 %,"42,016",3.60%
136,Cooch Behar,1,SC,West Bengal,Renuka Sinha,All India Trinamool Congress,"16,13,417","13,32,409",82.6 %,"87,107",6.50%
137,Cuddalore,26,GEN,Tamil Nadu,Arunmozhithevan.A,All India Anna Dravida Munnetra Kazhagam,"12,47,908","9,84,538",78.9 %,"2,03,125",20.60%
138,Cuttack,14,GEN,Orissa,Bhartruhari Mahatab,Biju Janata Dal,"13,71,617","9,78,604",71.4 %,"3,06,762",31.30%
139,Dadra And Nagar Haveli,1,GEN,Dadra & Nagar Haveli,Patel Natubhai Gomanbhai,Bharatiya Janta Party,"1,96,617","1,65,286",84.1 %,"6,214",3.80%
140,Dahod,19,ST,Gujarat,Jasvantsinh Sumanbhai Bhabhor,Bharatiya Janta Party,"14,11,765","9,00,381",63.8 %,"2,30,354",25.60%
141,Dakshina Kannada,17,GEN,Karnataka,Nalin Kumar Kateel,Bharatiya Janta Party,"15,65,281","12,07,474",77.1 %,"1,43,709",11.90%
142,Daman And Diu,1,GEN,Daman & Diu,Patel Lalubhai Babubhai,Bharatiya Janta Party,"1,11,827","87,233",78.0 %,"9,222",10.60%
143,Damoh,7,GEN,Madhya Pradesh [2000 Onwards],Prahalad Singh Patel,Bharatiya Janta Party,"16,51,106","9,12,080",55.2 %,"2,13,299",23.40%
144,Darbhanga,14,GEN,Bihar [2000 Onwards],Kirti Azad,Bharatiya Janta Party,"14,95,446","8,28,342",55.4 %,"35,043",4.20%
145,Darjeeling,4,GEN,West Bengal,S.S.Ahluwalia,Bharatiya Janta Party,"14,37,126","11,42,009",79.5 %,"1,97,239",17.30%
146,Dausa,11,ST,Rajasthan,Harish Chandra Meena,Bharatiya Janta Party,"15,24,095","9,30,492",61.1 %,"45,404",4.90%
147,Davanagere,13,GEN,Karnataka,G M Siddeshwara,Bharatiya Janta Party,"15,22,712","11,14,868",73.2 %,"17,607",1.60%
148,Deoria,66,GEN,Uttar Pradesh [2000 Onwards],Kalraj Mishra,Bharatiya Janta Party,"18,06,926","9,71,557",53.8 %,"2,65,386",27.30%
149,Dewas,21,SC,Madhya Pradesh [2000 Onwards],Manohar Untwal,Bharatiya Janta Party,"16,17,215","11,43,968",70.7 %,"2,60,313",22.80%
150,Dhanbad,7,GEN,Jharkhand,Pashupati Nath Singh,Bharatiya Janta Party,"18,89,994","11,43,902",60.5 %,"2,92,954",25.60%
151,Dhar,25,ST,Madhya Pradesh [2000 Onwards],Savitri Thakur,Bharatiya Janta Party,"16,68,441","10,76,816",64.5 %,"1,04,328",9.70%
152,Dharmapuri,10,GEN,Tamil Nadu,Anbumani Ramadoss,Pattali Makkal Katchi,"13,58,273","11,01,345",81.1 %,"77,146",7.00%
153,Dharwad,11,GEN,Karnataka,Pralhad Joshi,Bharatiya Janta Party,"15,79,024","10,41,226",65.9 %,"1,13,657",10.90%
154,Dhaurahra,29,GEN,Uttar Pradesh [2000 Onwards],Rekha,Bharatiya Janta Party,"15,58,039","10,60,271",68.1 %,"1,25,675",11.90%
155,Dhenkanal,9,GEN,Orissa,Tathagata Satpathy,Biju Janata Dal,"13,63,467","10,42,101",76.4 %,"1,37,340",13.20%
156,Dhubri,4,GEN,Assam,Badruddin Ajmal,All India United Democratic Front,"15,52,554","13,69,624",88.2 %,"2,29,730",16.80%
157,Dhule,2,GEN,Maharashtra,Dr. Bhamre Subhash Ramrao,Bharatiya Janta Party,"16,74,469","9,83,083",58.7 %,"1,30,723",13.30%
158,Diamond Harbour,21,GEN,West Bengal,Abhishek Banerjee,All India Trinamool Congress,"15,55,914","12,61,296",81.1 %,"71,298",5.70%
159,Dibrugarh,13,GEN,Assam,Rameswar Teli,Bharatiya Janta Party,"11,24,305","8,90,968",79.3 %,"1,85,347",20.80%
160,Dindigul,22,GEN,Tamil Nadu,Udhaya Kumar .M,All India Anna Dravida Munnetra Kazhagam,"14,00,531","10,83,364",77.4 %,"1,27,845",11.80%
161,Dindori,20,ST,Maharashtra,Chavan Harishchandra Deoram,Bharatiya Janta Party,"15,30,139","9,70,182",63.4 %,"2,47,619",25.50%
162,Domariyaganj,60,GEN,Uttar Pradesh [2000 Onwards],Jagdambika Pal,Bharatiya Janta Party,"17,61,415","9,35,027",53.1 %,"1,03,588",11.10%
163,Dum Dum,16,GEN,West Bengal,Saugata Roy,All India Trinamool Congress,"14,05,981","11,32,644",80.6 %,"1,54,934",13.70%
164,Dumka,2,ST,Jharkhand,Shibu Soren,Jharkhand Mukti Morcha,"12,47,155","9,03,060",72.4 %,"39,030",4.30%
165,Durg,7,GEN,Chhattisgarh,Tamradhwaj Sahu,Indian National Congress,"18,55,781","12,58,342",67.8 %,"16,848",1.30%
166,East Delhi,3,GEN,Delhi [1977 Onwards],Maheish Girri,Bharatiya Janta Party,"18,29,578","11,96,336",65.4 %,"1,90,463",15.90%
167,Eluru,27,GEN,Andhra Pradesh [2014 Onwards],Maganti Venkateswara Rao (BABU),Telugu Desam,"14,27,760","12,01,696",84.2 %,"1,01,926",8.50%
168,Ernakulam,12,GEN,Kerala,Prof. K.V. Thomas,Indian National Congress,"11,56,467","8,50,834",73.6 %,"87,047",10.20%
169,Erode,17,GEN,Tamil Nadu,Selvakumara Chinnayan S,All India Anna Dravida Munnetra Kazhagam,"13,21,395","10,08,582",76.3 %,"2,11,563",21.00%
170,Etah,22,GEN,Uttar Pradesh [2000 Onwards],Rajveer Singh (RAJU BHAIYA),Bharatiya Janta Party,"15,77,457","9,26,281",58.7 %,"2,01,001",21.70%
171,Etawah,41,SC,Uttar Pradesh [2000 Onwards],Ashok Kumar Doharey,Bharatiya Janta Party,"17,07,237","9,39,604",55.0 %,"1,72,946",18.40%
172,Faizabad,54,GEN,Uttar Pradesh [2000 Onwards],Lallu Singh,Bharatiya Janta Party,"17,38,701","10,22,716",58.8 %,"2,82,775",27.60%
173,Faridabad,10,GEN,Haryana,Krishan Pal,Bharatiya Janta Party,"17,40,352","11,30,726",65.0 %,"4,66,873",41.30%
174,Faridkot,9,SC,Punjab,Prof. Sadhu Singh,Aam Aadmi Party,"14,55,075","10,32,107",70.9 %,"1,72,516",16.70%
175,Farrukhabad,40,GEN,Uttar Pradesh [2000 Onwards],Mukesh Rajput,Bharatiya Janta Party,"16,13,781","9,70,677",60.2 %,"1,50,502",15.50%
176,Fatehgarh Sahib,8,SC,Punjab,Harinder Singh Khalsa,Aam Aadmi Party,"13,96,957","10,30,954",73.8 %,"54,144",5.30%
177,Fatehpur,49,GEN,Uttar Pradesh [2000 Onwards],Niranjan Jyoti,Bharatiya Janta Party,"18,04,777","10,56,688",58.6 %,"1,87,206",17.70%
178,Fatehpur Sikri,19,GEN,Uttar Pradesh [2000 Onwards],Babulal,Bharatiya Janta Party,"15,80,582","9,67,968",61.2 %,"1,73,106",17.90%
179,Ferozpur,10,GEN,Punjab,Sher Singh Ghubaya,Shiromani Akali Dal,"15,22,111","11,05,412",72.6 %,"31,420",2.80%
180,Firozabad,20,GEN,Uttar Pradesh [2000 Onwards],Akshay Yadav,Samajwadi Party,"16,36,738","11,04,606",67.5 %,"1,14,059",10.30%
181,Gadchiroli-Chimur,12,ST,Maharashtra,Ashok Mahadeorao Nete,Bharatiya Janta Party,"14,69,767","10,27,129",69.9 %,"2,36,870",23.10%
182,Gandhinagar,6,GEN,Gujarat,L.K.Advani,Bharatiya Janta Party,"17,33,972","11,35,495",65.5 %,"4,83,121",42.50%
183,Ganganagar,1,SC,Rajasthan,Nihalchand,Bharatiya Janta Party,"17,18,421","12,56,806",73.1 %,"2,91,741",23.20%
184,Garhwal,2,GEN,Uttarakhand,(MAJ GEN (RETD.) ) BHUWAN CHANDRA KHANDURI (AVSM),Bharatiya Janta Party,"12,69,083","6,82,024",53.7 %,"1,84,526",27.10%
185,Gauhati,7,GEN,Assam,Bijoya Chakravarty,Bharatiya Janta Party,"19,22,270","15,11,729",78.6 %,"3,15,784",20.90%
186,Gautam Buddh Nagar,13,GEN,Uttar Pradesh [2000 Onwards],Dr.Mahesh Sharma,Bharatiya Janta Party,"19,86,117","11,99,238",60.4 %,"2,80,212",23.40%
187,Gaya,38,SC,Bihar [2000 Onwards],Hari Manjhi,Bharatiya Janta Party,"15,00,751","8,09,378",53.9 %,"1,15,504",14.30%
188,Ghatal,32,GEN,West Bengal,Adhikari Deepak (DEV),All India Trinamool Congress,"16,10,489","13,66,709",84.9 %,"2,60,891",19.10%
189,Ghaziabad,12,GEN,Uttar Pradesh [2000 Onwards],Vijay Kumar Singh,Bharatiya Janta Party,"23,57,546","13,42,320",56.9 %,"5,67,260",42.30%
190,Ghazipur,75,GEN,Uttar Pradesh [2000 Onwards],Manoj Sinha,Bharatiya Janta Party,"18,01,519","9,86,673",54.8 %,"32,452",3.30%
191,Ghosi,70,GEN,Uttar Pradesh [2000 Onwards],Harinarayan Rajbhar,Bharatiya Janta Party,"18,91,113","10,39,656",55.0 %,"1,46,015",14.00%
192,Giridih,6,GEN,Jharkhand,Ravindra Kumar Pandey,Bharatiya Janta Party,"15,15,137","9,69,997",64.0 %,"40,313",4.20%
193,Godda,3,GEN,Jharkhand,Nishikant Dubey,Bharatiya Janta Party,"15,90,628","10,49,442",66.0 %,"60,682",5.80%
194,Gonda,59,GEN,Uttar Pradesh [2000 Onwards],Kirti Vardhan Singh,Bharatiya Janta Party,"17,10,827","8,73,732",51.1 %,"1,60,416",18.40%
195,Gopalganj,17,SC,Bihar [2000 Onwards],Janak Ram,Bharatiya Janta Party,"16,52,767","9,03,583",54.7 %,"2,86,936",31.80%
196,Gorakhpur,64,GEN,Uttar Pradesh [2000 Onwards],Adityanath,Bharatiya Janta Party,"19,04,498","10,40,199",54.6 %,"3,12,783",30.10%
197,Gulbarga,5,SC,Karnataka,Mallikarjun Kharge,Indian National Congress,"17,21,990","9,97,638",57.9 %,"74,733",7.50%
198,Guna,4,GEN,Madhya Pradesh [2000 Onwards],Jyotiraditya M Scindia,Indian National Congress,"16,05,619","9,76,629",60.8 %,"1,20,792",12.40%
199,Guntur,30,GEN,Andhra Pradesh [2014 Onwards],Jayadev Galla,Telugu Desam,"15,72,016","12,44,926",79.2 %,"69,111",5.60%
200,Gurdaspur,1,GEN,Punjab,Vinod Khanna,Bharatiya Janta Party,"15,00,337","10,42,699",69.5 %,"1,36,065",13.00%
201,Gurgaon,9,GEN,Haryana,Inderjit Singh Rao,Bharatiya Janta Party,"18,45,623","13,20,619",71.6 %,"2,74,722",20.80%
202,Gwalior,3,GEN,Madhya Pradesh [2000 Onwards],Narendra Singh Tomar,Bharatiya Janta Party,"18,77,003","9,90,912",52.8 %,"29,699",3.00%
203,Hajipur,21,SC,Bihar [2000 Onwards],Ramvilas Paswan,Lok Jan Shakti Party,"16,49,547","9,04,753",54.9 %,"2,25,500",24.90%
204,Hamirpur,3,GEN,Himachal Pradesh,Anurag Singh Thakur,Bharatiya Janta Party,"12,47,699","8,35,205",66.9 %,"98,403",11.80%
205,Hamirpur,47,GEN,Uttar Pradesh [2000 Onwards],Kunwar Pushpendra Singh Chandel,Bharatiya Janta Party,"17,37,993","9,75,240",56.1 %,"2,66,788",27.40%
206,Hardoi,31,SC,Uttar Pradesh [2000 Onwards],Anshul Verma,Bharatiya Janta Party,"17,14,387","9,72,894",56.8 %,"81,343",8.40%
207,Hardwar,5,GEN,Uttarakhand,Ramesh Pokhriyal Nishank,Bharatiya Janta Party,"16,42,873","11,75,692",71.6 %,"1,77,822",15.10%
208,Hassan,16,GEN,Karnataka,H.D. Devegowda,Janata Dal (Secular),"15,61,336","11,47,172",73.5 %,"1,00,462",8.80%
209,Hathras,16,SC,Uttar Pradesh [2000 Onwards],Rajesh Kumar Diwaker,Bharatiya Janta Party,"17,58,927","10,49,273",59.7 %,"3,26,386",31.10%
210,Hatkanangle,48,GEN,Maharashtra,Raju Shetty,Swabhimani Paksha,"16,30,598","11,88,871",72.9 %,"1,77,810",15.00%
211,Haveri,10,GEN,Karnataka,Udasi Shivakumar Channabasappa,Bharatiya Janta Party,"15,58,749","11,15,968",71.6 %,"87,571",7.80%
212,Hazaribagh,14,GEN,Jharkhand,Jayant Sinha,Bharatiya Janta Party,"15,18,831","9,67,152",63.7 %,"1,59,128",16.50%
213,Hindupur,37,GEN,Andhra Pradesh [2014 Onwards],Kristappa Nimmala,Telugu Desam,"14,46,503","11,77,257",81.4 %,"97,325",8.30%
214,Hingoli,15,GEN,Maharashtra,Rajeev Shankarrao Satav,Indian National Congress,"15,86,194","10,51,164",66.3 %,"1,632",0.20%
215,Hisar,4,GEN,Haryana,Dushyant Chautala,Indian National Lok Dal,"15,17,606","11,55,914",76.2 %,"31,847",2.80%
216,Hooghly,28,GEN,West Bengal,Dr. Ratna De (NAG),All India Trinamool Congress,"16,30,042","13,48,870",82.8 %,"1,89,084",14.00%
217,Hoshangabad,17,GEN,Madhya Pradesh [2000 Onwards],Uday Pratap Singh,Bharatiya Janta Party,"15,68,127","10,31,175",65.8 %,"3,89,960",37.80%
218,Hoshiarpur,5,SC,Punjab,Vijay Sampla,Bharatiya Janta Party,"14,85,286","9,61,297",64.7 %,"13,582",1.40%
219,Howrah,25,GEN,West Bengal,Prasun Banerjee,All India Trinamool Congress,"15,05,099","11,25,399",74.8 %,"1,96,956",17.50%
220,Hyderabad,9,GEN,Telangana,Asaduddin Owaisi,All India Majlis-E-Ittehadul Muslimoon,"18,23,664","9,71,421",53.3 %,"2,02,454",20.80%
221,Idukki,13,GEN,Kerala,Adv.Joice George,Independent,"11,58,735","8,19,766",70.8 %,"50,542",6.20%
222,Indore,26,GEN,Madhya Pradesh [2000 Onwards],Sumitra Mahajan (TAI),Bharatiya Janta Party,"21,15,303","13,16,817",62.3 %,"4,66,901",35.50%
223,Inner Manipur,1,GEN,Manipur,Dr. Thokchom Meinya,Indian National Congress,"8,55,359","6,40,871",74.9 %,"94,674",14.80%
224,Jabalpur,13,GEN,Madhya Pradesh [2000 Onwards],Rakesh Singh,Bharatiya Janta Party,"17,11,683","10,02,184",58.6 %,"2,08,639",20.80%
225,Jadavpur,22,GEN,West Bengal,Sugata Bose,All India Trinamool Congress,"15,95,746","12,72,362",79.7 %,"1,25,203",9.80%
226,Jagatsinghpur,16,SC,Orissa,Kulamani Samal,Biju Janata Dal,"14,99,673","11,31,932",75.5 %,"2,76,394",24.40%
227,Jahanabad,36,GEN,Bihar [2000 Onwards],Dr. Arun Kumar,Rashtriya Lok Samta Party,"14,23,246","8,11,516",57.0 %,"42,340",5.20%
228,Jaipur,7,GEN,Rajasthan,Ramcharan Bohara,Bharatiya Janta Party,"19,57,818","12,96,806",66.2 %,"5,39,345",41.60%
229,Jaipur Rural,6,GEN,Rajasthan,Rajyavardhan Singh Rathore,Bharatiya Janta Party,"16,99,462","10,13,691",59.7 %,"3,32,896",32.80%
230,Jajpur,8,SC,Orissa,Rita Tarai,Biju Janata Dal,"13,03,733","9,80,435",75.2 %,"3,20,271",32.70%
231,Jalandhar,4,SC,Punjab,Santokh Singh Chaudhary,Indian National Congress,"15,51,497","10,40,762",67.1 %,"70,981",6.80%
232,Jalaun,45,SC,Uttar Pradesh [2000 Onwards],Bhanu Pratap Singh Verma,Bharatiya Janta Party,"19,03,332","11,09,166",58.3 %,"2,87,202",25.90%
233,Jalgaon,3,GEN,Maharashtra,A.T. Nana Patil,Bharatiya Janta Party,"17,07,933","9,90,332",58.0 %,"3,83,525",38.70%
234,Jalna,18,GEN,Maharashtra,Danve Raosaheb Dadarao,Bharatiya Janta Party,"16,12,054","10,66,259",66.1 %,"2,06,798",19.40%
235,Jalore,18,GEN,Rajasthan,Devji Patel,Bharatiya Janta Party,"18,24,968","10,87,272",59.6 %,"3,81,145",35.10%
236,Jalpaiguri,3,SC,West Bengal,Bijoy Chandra Barman,All India Trinamool Congress,"15,31,469","13,02,117",85.0 %,"69,606",5.30%
237,Jammu,6,GEN,Jammu & Kashmir,Jugal Kishore,Bharatiya Janta Party,"18,48,155","12,53,593",67.8 %,"2,57,280",20.50%
238,Jamnagar,12,GEN,Gujarat,Poonamben Hematbhai Maadam,Bharatiya Janta Party,"14,70,952","8,52,643",58.0 %,"1,75,289",20.60%
239,Jamshedpur,9,GEN,Jharkhand,Bidyut Baran Mahato,Bharatiya Janta Party,"15,81,665","10,49,140",66.3 %,"99,876",9.50%
240,Jamui,40,SC,Bihar [2000 Onwards],Chirag Kumar Paswan,Lok Jan Shakti Party,"15,50,936","7,75,639",50.0 %,"85,947",11.10%
241,Jangipur,9,GEN,West Bengal,Abhijit Mukherjee,Indian National Congress,"13,91,656","11,19,084",80.4 %,"8,161",0.70%
242,Janjgir-Champa,3,SC,Chhattisgarh,Kamla Patle,Bharatiya Janta Party,"17,37,532","10,73,347",61.8 %,"1,74,961",16.30%
243,Jaunpur,73,GEN,Uttar Pradesh [2000 Onwards],Krishna Pratap 'k.P.',Bharatiya Janta Party,"18,48,842","10,07,143",54.5 %,"1,46,310",14.50%
244,Jhalawar-Baran,25,GEN,Rajasthan,Dushyant Singh,Bharatiya Janta Party,"16,69,842","11,46,364",68.7 %,"2,81,546",24.60%
245,Jhanjharpur,7,GEN,Bihar [2000 Onwards],Birendra Kumar Chaudhary,Bharatiya Janta Party,"16,50,753","9,41,249",57.0 %,"55,408",5.90%
246,Jhansi,46,GEN,Uttar Pradesh [2000 Onwards],Uma Bharati,Bharatiya Janta Party,"19,32,015","13,20,804",68.4 %,"1,90,467",14.40%
247,Jhargram,33,ST,West Bengal,Uma Saren,All India Trinamool Congress,"14,75,112","12,57,613",85.3 %,"3,47,883",27.70%
248,Jhunjhunu,4,GEN,Rajasthan,Santosh Ahlawat,Bharatiya Janta Party,"16,96,788","10,06,465",59.3 %,"2,33,835",23.20%
249,Jodhpur,16,GEN,Rajasthan,Gajendrasingh Shekhawat,Bharatiya Janta Party,"17,27,363","10,78,598",62.4 %,"4,10,051",38.00%
250,Jorhat,12,GEN,Assam,Kamakhya Prasad Tasa,Bharatiya Janta Party,"12,34,448","9,31,336",75.5 %,"1,02,420",11.00%
251,Joynagar,19,SC,West Bengal,Pratima Mondal,All India Trinamool Congress,"14,58,724","11,86,052",81.3 %,"1,08,384",9.10%
252,Junagadh,13,GEN,Gujarat,Chudasama Rajeshbhai Naranbhai,Bharatiya Janta Party,"14,85,543","9,41,378",63.4 %,"1,35,832",14.40%
253,Kachchh,1,SC,Gujarat,Chavda Vinod Lakhamashi,Bharatiya Janta Party,"15,33,782","9,46,240",61.7 %,"2,54,482",26.90%
254,Kadapa,38,GEN,Andhra Pradesh [2014 Onwards],Y.S. Avinash Reddy,Yuvajana Sramika Rythu Congress Party,"15,50,579","12,00,662",77.4 %,"1,90,323",15.90%
255,Kairana,2,GEN,Uttar Pradesh [2000 Onwards],Hukum Singh,Bharatiya Janta Party,"15,31,755","11,19,324",73.1 %,"2,36,828",21.20%
256,Kaiserganj,57,GEN,Uttar Pradesh [2000 Onwards],Brij Bhusan Sharan Singh,Bharatiya Janta Party,"17,11,967","9,43,357",55.1 %,"78,218",8.30%
257,Kakinada,23,GEN,Andhra Pradesh [2014 Onwards],Thota Narasimham,Telugu Desam,"14,18,290","10,99,999",77.6 %,"3,431",0.30%
258,Kalahandi,11,GEN,Orissa,Arka Keshari Deo,Biju Janata Dal,"14,74,135","11,17,536",75.8 %,"56,347",5.00%
259,Kaliabor,11,GEN,Assam,Gourav Gogoi,Indian National Congress,"14,57,865","11,66,490",80.0 %,"93,874",8.00%
260,Kallakurichi,14,GEN,Tamil Nadu,Kamaraj. K,All India Anna Dravida Munnetra Kazhagam,"14,12,499","11,07,241",78.4 %,"2,23,507",20.20%
261,Kalyan,24,GEN,Maharashtra,Dr.Shrikant Eknath Shinde,Shiv Sena,"19,22,046","8,24,196",42.9 %,"2,50,749",30.40%
262,Kancheepuram,6,SC,Tamil Nadu,Maragatham K,All India Anna Dravida Munnetra Kazhagam,"14,80,123","11,28,399",76.2 %,"1,46,866",13.00%
263,Kandhamal,13,GEN,Orissa,Hemendra Chandra Singh,Biju Janata Dal,"11,43,602","8,39,415",73.4 %,"1,81,017",21.60%
264,Kangra,1,GEN,Himachal Pradesh,Shanta Kumar,Bharatiya Janta Party,"12,58,601","7,99,445",63.5 %,"1,70,072",21.30%
265,Kanker,11,ST,Chhattisgarh,Vikram Dev Usendi,Bharatiya Janta Party,"14,47,774","10,16,943",70.2 %,"35,158",3.50%
266,Kannauj,42,GEN,Uttar Pradesh [2000 Onwards],Dimple Yadav,Samajwadi Party,"18,08,889","11,14,460",61.6 %,"19,907",1.80%
267,Kanniyakumari,39,GEN,Tamil Nadu,Radhakrishnan P.,Bharatiya Janta Party,"14,67,796","9,90,742",67.5 %,"1,28,662",13.00%
268,Kannur,2,GEN,Kerala,P K Sreemathi Teacher,Communist Party Of India (MARXIST),"11,70,266","9,47,117",80.9 %,"6,566",0.70%
269,Kanpur,43,GEN,Uttar Pradesh [2000 Onwards],Dr.Murli Manohar Joshi,Bharatiya Janta Party,"16,11,248","8,35,079",51.8 %,"2,22,946",26.70%
270,Kanthi,31,GEN,West Bengal,Adhikari Sisir Kumar,All India Trinamool Congress,"14,90,409","12,90,811",86.6 %,"2,29,490",17.80%
271,Karakat,35,GEN,Bihar [2000 Onwards],Upendra Kushwaha,Rashtriya Lok Samta Party,"15,69,989","7,89,927",50.3 %,"1,05,241",13.30%
272,Karauli-Dholpur,10,SC,Rajasthan,Manoj Rajoria,Bharatiya Janta Party,"15,49,662","8,45,941",54.6 %,"27,216",3.20%
273,Karimganj,1,SC,Assam,Radheshyam Biswas,All India United Democratic Front,"11,65,997","8,86,920",76.1 %,"1,02,094",11.50%
274,Karimnagar,3,GEN,Telangana,Vinod Kumar Boinapally,Telangana Rashtra Samithi,"15,50,834","11,25,691",72.6 %,"2,05,077",18.20%
275,Karnal,5,GEN,Haryana,Ashwini Kumar,Bharatiya Janta Party,"16,84,321","11,93,500",70.9 %,"3,60,147",30.20%
276,Karur,23,GEN,Tamil Nadu,"Thambidurai,m.",All India Anna Dravida Munnetra Kazhagam,"12,98,322","10,46,534",80.6 %,"1,95,247",18.70%
277,Kasaragod,1,GEN,Kerala,P Karunakaran,Communist Party Of India (MARXIST),"12,43,730","9,74,215",78.3 %,"6,921",0.70%
278,Katihar,11,GEN,Bihar [2000 Onwards],Tariq Anwar,Nationalist Congress Party,"14,46,478","9,77,830",67.6 %,"1,14,740",11.70%
279,Kaushambi,50,SC,Uttar Pradesh [2000 Onwards],Vinod Kumar Sonkar,Bharatiya Janta Party,"17,38,994","9,10,038",52.3 %,"42,847",4.70%
280,Kendrapara,15,GEN,Orissa,Baijayant Panda,Biju Janata Dal,"15,55,444","11,40,999",73.4 %,"2,09,108",18.30%
281,Keonjhar,4,ST,Orissa,Sakuntala Laguri,Biju Janata Dal,"13,46,683","10,83,869",80.5 %,"1,57,317",14.50%
282,Khadoor Sahib,3,GEN,Punjab,Ranjit Singh Brahmpura,Shiromani Akali Dal,"15,63,256","10,40,518",66.6 %,"1,00,569",9.70%
283,Khagaria,25,GEN,Bihar [2000 Onwards],Choudhary Mahboob Ali Kaiser,Lok Jan Shakti Party,"14,92,068","8,96,231",60.1 %,"76,003",8.50%
284,Khajuraho,8,GEN,Madhya Pradesh [2000 Onwards],Nagendra Singh,Bharatiya Janta Party,"17,02,794","8,74,477",51.4 %,"2,47,490",28.30%
285,Khammam,17,GEN,Telangana,Ponguleti Srinivasa Reddy,Yuvajana Sramika Rythu Congress Party,"14,40,289","11,82,897",82.1 %,"11,974",1.00%
286,Khandwa,28,GEN,Madhya Pradesh [2000 Onwards],Nandkumar Singh Chouhan (NANDU BHAIYA),Bharatiya Janta Party,"17,59,410","12,57,327",71.5 %,"2,59,714",20.70%
287,Khargone,27,ST,Madhya Pradesh [2000 Onwards],Subhash Patel,Bharatiya Janta Party,"17,03,271","11,52,525",67.7 %,"2,57,879",22.40%
288,Kheda,17,GEN,Gujarat,Chauhan Devusinh Jesingbhai (CHAUHAN DEVUSINH),Bharatiya Janta Party,"15,99,476","9,55,906",59.8 %,"2,32,901",24.40%
289,Kheri,28,GEN,Uttar Pradesh [2000 Onwards],Ajay Kumar,Bharatiya Janta Party,"16,79,466","10,77,868",64.2 %,"1,10,274",10.20%
290,Khunti,11,ST,Jharkhand,Karia Munda,Bharatiya Janta Party,"11,11,852","7,36,955",66.3 %,"92,248",12.50%
291,Kishanganj,10,GEN,Bihar [2000 Onwards],Mohammad Asrarul Haque,Indian National Congress,"14,38,990","9,28,490",64.5 %,"1,94,612",21.00%
292,Kodarma,5,GEN,Jharkhand,Ravindra Kr. Ray,Bharatiya Janta Party,"16,39,629","10,24,906",62.5 %,"98,654",9.60%
293,Kokrajhar,5,ST,Assam,Naba Kumar Sarania (HIRA),Independent,"15,05,476","12,23,869",81.3 %,"3,55,779",29.10%
294,Kolar,28,SC,Karnataka,K.H.Muniyappa,Indian National Congress,"14,92,975","11,27,323",75.5 %,"47,850",4.20%
295,Kolhapur,47,GEN,Maharashtra,Dhananjay Bhimrao Mahadik,Nationalist Congress Party,"17,58,300","12,60,289",71.7 %,"33,259",2.60%
296,Kolkata Dakshin,23,GEN,West Bengal,Subrata Bakshi,All India Trinamool Congress,"16,85,296","11,67,979",69.3 %,"1,36,339",11.70%
297,Kolkata Uttar,24,GEN,West Bengal,Sudip Bandyopadhyay,All India Trinamool Congress,"14,33,985","9,55,778",66.7 %,"96,226",10.10%
298,Kollam,18,GEN,Kerala,N.K.Premachandran,Revolutionary Socialist Party,"12,19,415","8,79,056",72.1 %,"37,649",4.30%
299,Koppal,8,GEN,Karnataka,Karadi Sanganna Amarappa,Bharatiya Janta Party,"15,35,105","10,06,508",65.6 %,"32,414",3.20%
300,Koraput,21,ST,Orissa,Jhina Hikaka,Biju Janata Dal,"13,00,437","9,89,444",76.1 %,"19,328",2.00%
301,Korba,4,GEN,Chhattisgarh,Dr. Banshilal Mahto,Bharatiya Janta Party,"14,19,610","10,52,720",74.2 %,"4,265",0.40%
302,Kota,24,GEN,Rajasthan,Om Birla,Bharatiya Janta Party,"17,44,539","11,54,960",66.2 %,"2,00,782",17.40%
303,Kottayam,14,GEN,Kerala,Jose K. Mani,Kerala Congress(M),"11,61,463","8,31,636",71.6 %,"1,20,599",14.50%
304,Kozhikode,5,GEN,Kerala,M .K Raghavan,Indian National Congress,"11,82,484","9,43,009",79.8 %,"16,883",1.80%
305,Krishnagiri,9,GEN,Tamil Nadu,Ashok Kumar.K,All India Anna Dravida Munnetra Kazhagam,"13,79,957","10,68,391",77.4 %,"2,06,591",19.30%
306,Krishnanagar,12,GEN,West Bengal,Tapas Paul,All India Trinamool Congress,"14,76,783","12,47,914",84.5 %,"71,255",5.70%
307,Kurnool,35,GEN,Andhra Pradesh [2014 Onwards],Butta Renuka,Yuvajana Sramika Rythu Congress Party,"14,81,807","10,65,732",71.9 %,"44,131",4.10%
308,Kurukshetra,2,GEN,Haryana,Raj Kumar Saini,Bharatiya Janta Party,"14,98,459","11,35,892",75.8 %,"1,29,736",11.40%
309,Kushi Nagar,65,GEN,Uttar Pradesh [2000 Onwards],Rajesh Pandey Urf Guddu,Bharatiya Janta Party,"16,80,992","9,50,445",56.5 %,"85,540",9.00%
310,Ladakh,4,GEN,Jammu & Kashmir,Thupstan Chhewang,Bharatiya Janta Party,"1,66,763","1,18,029",70.8 %,36,0.00%
311,Lakhimpur,14,GEN,Assam,Sarbananda Sonowal,Bharatiya Janta Party,"14,30,994","11,11,975",77.7 %,"2,92,138",26.30%
312,Lakshadweep,1,ST,Lakshadweep,Mohammed Faizal P.P.,Nationalist Congress Party,"49,922","43,239",86.6 %,"1,535",3.60%
313,Lalganj,68,SC,Uttar Pradesh [2000 Onwards],Neelam Sonkar,Bharatiya Janta Party,"16,61,483","8,98,655",54.1 %,"63,086",7.00%
314,Latur,41,SC,Maharashtra,Dr. Sunil Baliram Gaikwad,Bharatiya Janta Party,"16,82,607","10,57,156",62.8 %,"2,53,395",24.00%
315,Lohardaga,12,ST,Jharkhand,Sudarshan Bhagat,Bharatiya Janta Party,"11,19,144","6,51,460",58.2 %,"6,489",1.00%
316,Lucknow,35,GEN,Uttar Pradesh [2000 Onwards],Raj Nath Singh,Bharatiya Janta Party,"19,49,956","10,33,783",53.0 %,"2,72,749",26.40%
317,Ludhiana,7,GEN,Punjab,Ravneet Singh Bittu,Indian National Congress,"15,61,201","11,00,457",70.5 %,"19,709",1.80%
318,Machhlishahr,74,SC,Uttar Pradesh [2000 Onwards],Ram Charitra Nishad,Bharatiya Janta Party,"18,91,969","9,97,902",52.7 %,"1,72,155",17.30%
319,Machilipatnam,28,GEN,Andhra Pradesh [2014 Onwards],Konakalla Narayana Rao,Telugu Desam,"13,69,311","11,41,065",83.3 %,"81,057",7.10%
320,Madha,43,GEN,Maharashtra,Mohite Patil Vijaysinh Shankarrao,Nationalist Congress Party,"17,27,308","10,79,619",62.5 %,"25,344",2.30%
321,Madhepura,13,GEN,Bihar [2000 Onwards],Rajesh Ranjan @ Pappu Yadav,Rashtriya Janata Dal,"17,25,578","10,34,799",60.0 %,"56,209",5.40%
322,Madhubani,6,GEN,Bihar [2000 Onwards],Hukm Deo Narayan Yadav,Bharatiya Janta Party,"16,27,969","8,60,453",52.9 %,"20,535",2.40%
323,Madurai,32,GEN,Tamil Nadu,R.Gopalakrishnan,All India Anna Dravida Munnetra Kazhagam,"14,41,434","9,78,346",67.9 %,"1,97,436",20.20%
324,Mahabubabad,16,ST,Telangana,Prof. Azmeera Seetaram Naik,Telangana Rashtra Samithi,"13,87,343","11,24,370",81.0 %,"34,992",3.10%
325,Maharajganj,19,GEN,Bihar [2000 Onwards],Janardan Singh Sigriwal,Bharatiya Janta Party,"16,44,524","8,46,654",51.5 %,"38,415",4.50%
326,Maharajganj,63,GEN,Uttar Pradesh [2000 Onwards],Pankaj,Bharatiya Janta Party,"17,43,131","10,56,078",60.6 %,"2,40,458",22.80%
327,Mahasamund,9,GEN,Chhattisgarh,Chandu Lal Sahu (CHANDU BHAIYA),Bharatiya Janta Party,"15,15,747","11,31,209",74.6 %,"1,217",0.10%
328,Mahbubnagar,11,GEN,Telangana,Ap Jithender Reddy,Telangana Rashtra Samithi,"14,18,672","10,14,800",71.5 %,"2,590",0.30%
329,Mahesana,4,GEN,Gujarat,Patel Jayshreeben Kanubhai,Bharatiya Janta Party,"14,98,219","10,04,258",67.0 %,"2,08,891",20.80%
330,Mainpuri,21,GEN,Uttar Pradesh [2000 Onwards],Mulayam Singh Yadav,Samajwadi Party,"16,53,065","9,99,265",60.5 %,"3,64,666",36.50%
331,Malappuram,6,GEN,Kerala,E. Ahamed,Indian Union Muslim League,"11,98,444","8,53,467",71.2 %,"1,94,739",22.80%
332,Maldaha Dakshin,8,GEN,West Bengal,Abu Hasem Khan Chowdhury,Indian National Congress,"13,47,143","10,92,407",81.1 %,"1,64,111",15.00%
333,Maldaha Uttar,7,GEN,West Bengal,Mausam Noor,Indian National Congress,"14,25,428","11,62,985",81.6 %,"65,705",5.60%
334,Malkajgiri,7,GEN,Telangana,Ch.Malla Reddy,Telugu Desam,"31,83,325","16,20,397",50.9 %,"28,371",1.80%
335,Mandi,2,GEN,Himachal Pradesh,Ram Swaroop Sharma,Bharatiya Janta Party,"11,50,408","7,26,094",63.1 %,"39,856",5.50%
336,Mandla,14,ST,Madhya Pradesh [2000 Onwards],Faggan Singh Kulaste,Bharatiya Janta Party,"18,24,424","12,18,518",66.8 %,"1,10,469",9.10%
337,Mandsour,23,GEN,Madhya Pradesh [2000 Onwards],Sudhir Gupta,Bharatiya Janta Party,"16,26,571","11,61,349",71.4 %,"3,03,649",26.10%
338,Mandya,20,GEN,Karnataka,C.S.Puttaraju,Janata Dal (Secular),"16,69,262","11,92,638",71.5 %,"5,518",0.50%
339,Mangaldoi,8,GEN,Assam,Ramen Deka,Bharatiya Janta Party,"15,15,676","12,33,237",81.4 %,"22,884",1.90%
340,Mathura,17,GEN,Uttar Pradesh [2000 Onwards],Hema Malini,Bharatiya Janta Party,"16,82,260","10,76,868",64.0 %,"3,30,743",30.70%
341,Mathurapur,20,SC,West Bengal,Choudhury Mohan Jatua,All India Trinamool Congress,"14,88,784","12,65,531",85.0 %,"1,38,436",10.90%
342,Maval,33,GEN,Maharashtra,Appa Alias Shrirang Chandu Barne,Shiv Sena,"19,53,741","11,74,335",60.1 %,"1,57,397",13.40%
343,Mavelikara,16,SC,Kerala,Kodikunnil Suresh,Indian National Congress,"12,52,668","8,89,060",71.0 %,"32,737",3.70%
344,Mayiladuthurai,28,GEN,Tamil Nadu,Bharathi Mohan R.K,All India Anna Dravida Munnetra Kazhagam,"13,50,318","10,25,538",76.0 %,"2,77,050",27.00%
345,Mayurbhanj,5,ST,Orissa,Rama Chandra Hansdah,Biju Janata Dal,"13,27,555","10,53,399",79.4 %,"1,22,866",11.70%
346,Medak,6,GEN,Telangana,Kalvakuntla Chandrasekhar Rao,Telangana Rashtra Samithi,"15,36,715","11,91,096",77.5 %,"3,97,029",33.30%
347,Medinipur,34,GEN,West Bengal,Sandhya Roy,All India Trinamool Congress,"14,99,673","12,60,032",84.0 %,"1,84,666",14.70%
348,Meerut,10,GEN,Uttar Pradesh [2000 Onwards],Rajendra Agarwal,Bharatiya Janta Party,"17,64,388","11,13,384",63.1 %,"2,32,326",20.90%
349,Mirzapur,79,GEN,Uttar Pradesh [2000 Onwards],Anupriya Singh Patel,Apna Dal,"17,20,661","10,07,627",58.6 %,"2,19,079",21.70%
350,Misrikh,32,SC,Uttar Pradesh [2000 Onwards],Anju Bala,Bharatiya Janta Party,"17,25,585","9,98,314",57.9 %,"87,363",8.80%
351,Mizoram,1,ST,Mizoram,C. L. Ruala,Indian National Congress,"7,02,170","4,33,201",61.7 %,"6,154",1.40%
352,Mohanlalganj,34,SC,Uttar Pradesh [2000 Onwards],Kaushal Kishore,Bharatiya Janta Party,"18,38,194","11,16,588",60.7 %,"1,45,416",13.00%
353,Moradabad,6,GEN,Uttar Pradesh [2000 Onwards],Kunwer Sarvesh Kumar,Bharatiya Janta Party,"17,72,046","11,27,965",63.7 %,"87,504",7.80%
354,Morena,1,GEN,Madhya Pradesh [2000 Onwards],Anoop Mishra,Bharatiya Janta Party,"17,02,492","8,54,279",50.2 %,"1,32,981",15.60%
355,Mumbai North,26,GEN,Maharashtra,Gopal Chinayya Shetty,Bharatiya Janta Party,"17,83,870","9,46,562",53.1 %,"4,46,582",47.20%
356,Mumbai North Central,29,GEN,Maharashtra,Poonam Mahajan Alias Poonam Vajendla Rao,Bharatiya Janta Party,"17,38,894","8,45,292",48.6 %,"1,86,771",22.10%
357,Mumbai North East,28,GEN,Maharashtra,Kirit Somaiya,Bharatiya Janta Party,"16,68,357","8,61,761",51.7 %,"3,17,122",36.80%
358,Mumbai North West,27,GEN,Maharashtra,Gajanan Chandrakant Kirtikar,Shiv Sena,"17,75,428","8,95,517",50.4 %,"1,83,028",20.40%
359,Mumbai South,31,GEN,Maharashtra,Arvind Sawant,Shiv Sena,"14,85,846","7,80,715",52.5 %,"1,28,148",16.40%
360,Mumbai South Central,30,GEN,Maharashtra,Rahul Ramesh Shewale,Shiv Sena,"14,47,885","7,69,060",53.1 %,"1,38,342",18.00%
361,Munger,28,GEN,Bihar [2000 Onwards],Veena Devi,Lok Jan Shakti Party,"16,96,546","9,14,350",53.9 %,"1,09,084",11.90%
362,Murshidabad,11,GEN,West Bengal,Badaruddoza Khan,Communist Party Of India (MARXIST),"15,12,098","12,87,763",85.2 %,"18,453",1.40%
363,Muzaffarnagar,3,GEN,Uttar Pradesh [2000 Onwards],(DR.) SANJEEV KUMAR BALYAN,Bharatiya Janta Party,"15,88,483","11,07,434",69.7 %,"4,01,150",36.20%
364,Muzaffarpur,15,GEN,Bihar [2000 Onwards],Ajay Nishad,Bharatiya Janta Party,"15,51,363","9,48,887",61.2 %,"2,22,422",23.40%
365,Mysore,21,GEN,Karnataka,Prathap Simha,Bharatiya Janta Party,"17,23,134","11,59,594",67.3 %,"31,608",2.70%
366,Nabarangpur,12,ST,Orissa,Balabhadra Majhi,Biju Janata Dal,"12,97,210","10,22,172",78.8 %,"2,042",0.20%
367,Nagaland,1,ST,Nagaland,Neiphiu Rio,Naga Peoples Front,"11,82,948","10,38,910",87.8 %,"4,00,225",38.50%
368,Nagapattinam,29,SC,Tamil Nadu,Gopal. Dr. K,All India Anna Dravida Munnetra Kazhagam,"12,10,626","9,42,202",77.8 %,"1,06,079",11.30%
369,Nagarkurnool,12,SC,Telangana,Yellaiah Nandi,Indian National Congress,"14,77,338","11,08,968",75.1 %,"16,676",1.50%
370,Nagaur,14,GEN,Rajasthan,C R Choudhary,Bharatiya Janta Party,"16,78,662","10,04,019",59.8 %,"75,218",7.50%
371,Nagina,5,SC,Uttar Pradesh [2000 Onwards],Yashwant Singh,Bharatiya Janta Party,"14,93,411","9,42,196",63.1 %,"92,390",9.80%
372,Nagpur,10,GEN,Maharashtra,Gadkari Nitin Jairam,Bharatiya Janta Party,"19,00,787","10,85,058",57.1 %,"2,84,828",26.30%
373,Nainital-Udhamsingh Nagar,4,GEN,Uttarakhand,Bhagat Singh Koshyari,Bharatiya Janta Party,"16,10,810","11,01,435",68.4 %,"2,84,717",25.80%
374,Nalanda,29,GEN,Bihar [2000 Onwards],Kaushlendra Kumar,Janata Dal (United),"19,51,967","9,21,761",47.2 %,"9,627",1.00%
375,Nalgonda,13,GEN,Telangana,Gutha Sukhender Reddy,Indian National Congress,"14,95,580","11,89,399",79.5 %,"1,93,156",16.20%
376,Namakkal,16,GEN,Tamil Nadu,Sundaram P.R,All India Anna Dravida Munnetra Kazhagam,"13,29,552","10,58,755",79.6 %,"2,94,374",27.80%
377,Nanded,16,GEN,Maharashtra,Ashok Shankarrao Chavan,Indian National Congress,"16,87,057","10,13,350",60.1 %,"81,455",8.00%
378,Nandurbar,1,ST,Maharashtra,Dr.Gavit Heena Vaijaykumar,Bharatiya Janta Party,"16,72,715","11,16,676",66.8 %,"1,06,905",9.60%
379,Nandyal,34,GEN,Andhra Pradesh [2014 Onwards],S.P.Y Reddy,Yuvajana Sramika Rythu Congress Party,"15,77,128","12,04,956",76.4 %,"1,05,766",8.80%
380,Narasaraopet,31,GEN,Andhra Pradesh [2014 Onwards],Sambasiva Rao Rayapati,Telugu Desam,"15,14,861","12,82,058",84.6 %,"35,280",2.80%
381,Narsapuram,26,GEN,Andhra Pradesh [2014 Onwards],Gokaraju Ganga Raju,Bharatiya Janta Party,"13,25,143","10,88,951",82.2 %,"85,351",7.80%
382,Nashik,21,GEN,Maharashtra,Godse Hemant Tukaram,Shiv Sena,"15,93,237","9,37,405",58.8 %,"1,87,336",20.00%
383,Navsari,25,GEN,Gujarat,C. R. Patil,Bharatiya Janta Party,"17,64,622","11,60,747",65.8 %,"5,58,116",48.10%
384,Nawada,39,GEN,Bihar [2000 Onwards],Giriraj Singh,Bharatiya Janta Party,"16,75,789","8,84,441",52.8 %,"1,40,157",15.80%
385,Nellore,39,GEN,Andhra Pradesh [2014 Onwards],Mekapati Rajamohan Reddy,Yuvajana Sramika Rythu Congress Party,"16,06,140","11,87,648",73.9 %,"13,478",1.10%
386,New Delhi,4,GEN,Delhi [1977 Onwards],Meenakashi Lekhi,Bharatiya Janta Party,"14,90,147","9,69,812",65.1 %,"1,62,708",16.80%
387,Nilgiris,19,SC,Tamil Nadu,"Gopalakrishnan, C.",All India Anna Dravida Munnetra Kazhagam,"12,69,163","9,33,076",73.5 %,"1,04,940",11.20%
388,Nizamabad,4,GEN,Telangana,Kalvakuntla Kavitha,Telangana Rashtra Samithi,"14,96,193","10,33,924",69.1 %,"1,67,184",16.20%
389,North East Delhi,2,GEN,Delhi [1977 Onwards],Manoj Tiwari,Bharatiya Janta Party,"19,57,707","13,17,338",67.3 %,"1,44,084",10.90%
390,North Goa,1,GEN,Goa,Shripad Yesso Naik,Bharatiya Janta Party,"5,15,441","4,06,631",78.9 %,"1,05,599",26.00%
391,North West Delhi,5,SC,Delhi [1977 Onwards],Udit Raj,Bharatiya Janta Party,"21,94,425","13,56,036",61.8 %,"1,06,802",7.90%
392,Nowgong,10,GEN,Assam,Rajen Gohain,Bharatiya Janta Party,"15,23,881","12,30,074",80.7 %,"1,43,559",11.70%
393,Ongole,33,GEN,Andhra Pradesh [2014 Onwards],Y.V.Subba Reddy,Yuvajana Sramika Rythu Congress Party,"14,70,483","12,08,225",82.2 %,"15,658",1.30%
394,Osmanabad,40,GEN,Maharashtra,Gaikwad Ravindra Vishwanath,Shiv Sena,"17,26,793","11,18,151",64.8 %,"2,34,325",21.00%
395,Outer Manipur,2,ST,Manipur,Thangso Baite,Indian National Congress,"9,18,966","7,71,766",84.0 %,"15,637",2.00%
396,Palakkad,8,GEN,Kerala,M B Rajesh,Communist Party Of India (MARXIST),"12,08,758","9,10,322",75.3 %,"1,05,300",11.60%
397,Palamau,13,SC,Jharkhand,Vishnu Dayal Ram,Bharatiya Janta Party,"16,45,957","9,77,323",59.4 %,"2,63,942",27.00%
398,Palghar,22,ST,Maharashtra,Adv. Chintaman Navasha Wanga,Bharatiya Janta Party,"15,78,077","9,92,618",62.9 %,"2,39,520",24.10%
399,Pali,15,GEN,Rajasthan,P P Choudhary,Bharatiya Janta Party,"18,93,030","10,95,587",57.9 %,"3,99,039",36.40%
400,Panchmahal,18,GEN,Gujarat,Chauhan Prabhatsinh Pratapsinh,Bharatiya Janta Party,"15,76,667","9,33,461",59.2 %,"1,70,596",18.30%
401,Parbhani,17,GEN,Maharashtra,Jadhav Sanjay (BANDU) HARIBHAU,Shiv Sena,"18,03,792","11,62,233",64.4 %,"1,27,155",10.90%
402,Paschim Champaran,2,GEN,Bihar [2000 Onwards],Dr. Sanjay Jaiswal,Bharatiya Janta Party,"14,13,073","8,54,800",60.5 %,"1,10,254",12.90%
403,Pataliputra,31,GEN,Bihar [2000 Onwards],Ram Kripal Yadav,Bharatiya Janta Party,"17,36,074","9,78,649",56.4 %,"40,322",4.10%
404,Patan,3,GEN,Gujarat,Liladharbhai Khodaji Vaghela,Bharatiya Janta Party,"16,28,641","9,55,799",58.7 %,"1,38,719",14.50%
405,Pathanamthitta,17,GEN,Kerala,Anto Antony,Indian National Congress,"13,23,906","8,69,452",65.7 %,"56,191",6.50%
406,Patiala,13,GEN,Punjab,Dr. Dharam Vira Gandhi,Aam Aadmi Party,"15,80,273","11,20,933",70.9 %,"20,942",1.90%
407,Patna Sahib,30,GEN,Bihar [2000 Onwards],Shatrughana Sinha,Bharatiya Janta Party,"19,46,249","8,82,262",45.3 %,"2,65,805",30.10%
408,Peddapalli,2,SC,Telangana,Balka Suman,Telangana Rashtra Samithi,"14,25,361","10,22,184",71.7 %,"2,91,158",28.50%
409,Perambalur,25,GEN,Tamil Nadu,"Marutharajaa, R.P.",All India Anna Dravida Munnetra Kazhagam,"12,85,434","10,30,826",80.2 %,"2,13,048",20.70%
410,Phulpur,51,GEN,Uttar Pradesh [2000 Onwards],Keshav Prasad Maurya,Bharatiya Janta Party,"19,13,274","9,60,341",50.2 %,"3,08,308",32.10%
411,Pilibhit,26,GEN,Uttar Pradesh [2000 Onwards],Maneka Sanjay Gandhi,Bharatiya Janta Party,"16,71,151","10,50,547",62.9 %,"3,07,052",29.20%
412,Pollachi,21,GEN,Tamil Nadu,Mahendran.C,All India Anna Dravida Munnetra Kazhagam,"13,81,505","10,12,667",73.3 %,"1,40,974",13.90%
413,Pondicherry,1,GEN,Pondicherry,R. Radhakrishnan,All India N.R. Congress,"9,01,357","7,40,017",82.1 %,"60,854",8.20%
414,Ponnani,7,GEN,Kerala,E. T. Mohammed Basheer,Indian Union Muslim League,"11,80,789","8,71,592",73.8 %,"25,410",2.90%
415,Porbandar,11,GEN,Gujarat,Radadiya Vithalbhai Hansrajbhai,Bharatiya Janta Party,"15,39,223","8,09,433",52.6 %,"2,67,971",33.10%
416,Pratapgarh,39,GEN,Uttar Pradesh [2000 Onwards],Kuwar Harivansh Singh,Apna Dal,"17,16,625","8,94,456",52.1 %,"1,68,222",18.80%
417,Pune,34,GEN,Maharashtra,Anil Shirole,Bharatiya Janta Party,"18,35,836","9,93,274",54.1 %,"3,15,769",31.80%
418,Puri,17,GEN,Orissa,Pinaki Misra,Biju Janata Dal,"14,04,581","10,39,389",74.0 %,"2,63,361",25.30%
419,Purnia,12,GEN,Bihar [2000 Onwards],Santosh Kumar,Janata Dal (United),"15,82,967","10,17,732",64.3 %,"1,16,669",11.50%
420,Purulia,35,GEN,West Bengal,Dr. Mriganka Mahato,All India Trinamool Congress,"14,71,933","12,04,675",81.8 %,"1,53,877",12.80%
421,Purvi Champaran,3,GEN,Bihar [2000 Onwards],Radha Mohan Singh,Bharatiya Janta Party,"14,52,963","8,22,671",56.6 %,"1,92,163",23.40%
422,Rae Bareli,36,GEN,Uttar Pradesh [2000 Onwards],Sonia Gandhi,Indian National Congress,"15,94,954","8,25,136",51.7 %,"3,52,713",42.70%
423,Raichur,6,ST,Karnataka,B.V.Nayak,Indian National Congress,"16,61,606","9,68,889",58.3 %,"1,499",0.20%
424,Raigad,32,GEN,Maharashtra,Anant Geete,Shiv Sena,"15,32,781","9,87,766",64.4 %,"2,110",0.20%
425,Raiganj,5,GEN,West Bengal,Md. Salim,Communist Party Of India (MARXIST),"13,87,526","11,08,193",79.9 %,"1,634",0.10%
426,Raigarh,2,ST,Chhattisgarh,Vishnu Deo Sai,Bharatiya Janta Party,"16,05,824","12,46,186",77.6 %,"2,16,750",17.40%
427,Raipur,8,GEN,Chhattisgarh,Ramesh Bais,Bharatiya Janta Party,"19,04,230","12,50,845",65.7 %,"1,71,646",13.70%
428,Rajahmundry,25,GEN,Andhra Pradesh [2014 Onwards],Murali Mohan Maganti,Telugu Desam,"14,21,288","11,54,381",81.2 %,"1,67,434",14.50%
429,Rajampet,41,GEN,Andhra Pradesh [2014 Onwards],P.V.Midhun Reddy,Yuvajana Sramika Rythu Congress Party,"14,87,498","11,58,317",77.9 %,"1,74,762",15.10%
430,Rajgarh,20,GEN,Madhya Pradesh [2000 Onwards],Rodmal Nagar,Bharatiya Janta Party,"15,78,748","10,10,724",64.0 %,"2,28,737",22.60%
431,Rajkot,10,GEN,Gujarat,Kundariya Mohanbhai Kalyanjibhai,Bharatiya Janta Party,"16,55,717","10,57,069",63.8 %,"2,46,428",23.30%
432,Rajmahal,1,ST,Jharkhand,Vijay Kumar Hansdak,Jharkhand Mukti Morcha,"13,53,172","9,51,563",70.3 %,"41,337",4.30%
433,Rajnandgaon,6,GEN,Chhattisgarh,Abhishek Singh,Bharatiya Janta Party,"15,88,095","11,78,296",74.2 %,"2,35,911",20.00%
434,Rajsamand,22,GEN,Rajasthan,Hariom Singh Rathore,Bharatiya Janta Party,"16,99,401","9,82,119",57.8 %,"3,95,705",40.30%
435,Ramanathapuram,35,GEN,Tamil Nadu,Anwhar Raajhaa.A,All India Anna Dravida Munnetra Kazhagam,"14,55,891","10,01,048",68.8 %,"1,19,324",11.90%
436,Rampur,7,GEN,Uttar Pradesh [2000 Onwards],Dr. Nepal Singh,Bharatiya Janta Party,"16,16,984","9,56,389",59.2 %,"23,435",2.50%
437,Ramtek,9,SC,Maharashtra,Krupal Balaji Tumane,Shiv Sena,"16,77,245","10,50,316",62.6 %,"1,75,791",16.70%
438,Ranaghat,13,SC,West Bengal,Tapas Mandal,All India Trinamool Congress,"16,02,849","13,53,196",84.4 %,"2,01,767",14.90%
439,Ranchi,8,GEN,Jharkhand,Ram Tahal Choudhary,Bharatiya Janta Party,"16,48,464","10,49,783",63.7 %,"1,99,303",19.00%
440,Ratlam,24,ST,Madhya Pradesh [2000 Onwards],Dileepsingh Bhuria,Bharatiya Janta Party,"17,02,648","10,82,681",63.6 %,"1,08,447",10.00%
441,Ratnagiri - Sindhudurg,46,GEN,Maharashtra,Vinayak Bhaurao Raut,Shiv Sena,"13,67,361","8,96,256",65.6 %,"1,50,051",16.70%
442,Raver,4,GEN,Maharashtra,Khadase Raksha Nikhil,Bharatiya Janta Party,"15,93,370","10,09,213",63.3 %,"3,18,068",31.50%
443,Rewa,10,GEN,Madhya Pradesh [2000 Onwards],Janardan Mishra,Bharatiya Janta Party,"15,44,719","8,30,002",53.7 %,"1,68,726",20.30%
444,Robertsganj,80,SC,Uttar Pradesh [2000 Onwards],Chhotelal,Bharatiya Janta Party,"16,39,561","8,85,873",54.0 %,"1,90,486",21.50%
445,Rohtak,7,GEN,Haryana,Deepender Singh Hooda,Indian National Congress,"15,67,504","10,44,331",66.6 %,"1,70,627",16.30%
446,Sabarkantha,5,GEN,Gujarat,Rathod Dipsinh Shankarsinh,Bharatiya Janta Party,"16,15,840","10,94,002",67.7 %,"84,455",7.70%
447,Sagar,5,GEN,Madhya Pradesh [2000 Onwards],Laxmi Narayan Yadav,Bharatiya Janta Party,"15,20,184","8,91,929",58.7 %,"1,20,737",13.50%
448,Saharanpur,1,GEN,Uttar Pradesh [2000 Onwards],Raghav Lakhanpal,Bharatiya Janta Party,"16,08,833","11,94,308",74.2 %,"65,090",5.50%
449,Salem,15,GEN,Tamil Nadu,Pannerselvam.V,All India Anna Dravida Munnetra Kazhagam,"14,98,350","11,50,296",76.8 %,"2,67,610",23.30%
450,Salempur,71,GEN,Uttar Pradesh [2000 Onwards],Ravindra Kushawaha,Bharatiya Janta Party,"16,61,737","8,54,749",51.4 %,"2,32,342",27.20%
451,Samastipur,23,SC,Bihar [2000 Onwards],Ram Chandra Paswan,Lok Jan Shakti Party,"15,03,005","8,63,199",57.4 %,"6,872",0.80%
452,Sambalpur,3,GEN,Orissa,Nagendra Kumar Pradhan,Biju Janata Dal,"12,97,098","9,84,309",75.9 %,"30,576",3.10%
453,Sambhal,8,GEN,Uttar Pradesh [2000 Onwards],Satyapal Singh,Bharatiya Janta Party,"16,93,245","10,57,002",62.4 %,"5,174",0.50%
454,Sangli,44,GEN,Maharashtra,Sanjaykaka Patil,Bharatiya Janta Party,"16,49,107","10,46,659",63.5 %,"2,39,292",22.90%
455,Sangrur,12,GEN,Punjab,Bhagwant Mann,Aam Aadmi Party,"14,24,743","10,99,467",77.2 %,"2,11,721",19.30%
456,Sant Kabir Nagar,62,GEN,Uttar Pradesh [2000 Onwards],Sharad Tripathi,Bharatiya Janta Party,"19,04,327","10,11,649",53.1 %,"97,978",9.70%
457,Saran,20,GEN,Bihar [2000 Onwards],Rajiv Pratap Rudy,Bharatiya Janta Party,"15,38,744","8,63,254",56.1 %,"40,948",4.70%
458,Sarguja,1,ST,Chhattisgarh,Kamalbhan Singh Marabi,Bharatiya Janta Party,"15,23,072","11,87,321",78.0 %,"1,47,236",12.40%
459,Sasaram,34,SC,Bihar [2000 Onwards],Chhedi Paswan,Bharatiya Janta Party,"16,07,747","8,46,788",52.7 %,"63,327",7.50%
460,Satara,45,GEN,Maharashtra,Shrimant Chh. Udayanraje Pratapsinha Bhonsale,Nationalist Congress Party,"17,19,998","9,76,681",56.8 %,"3,66,594",37.50%
461,Satna,9,GEN,Madhya Pradesh [2000 Onwards],Ganesh Singh,Bharatiya Janta Party,"14,58,084","9,13,444",62.7 %,"8,688",1.00%
462,Secundrabad,8,GEN,Telangana,Bandaru Dattatreya,Bharatiya Janta Party,"18,93,647","10,03,769",53.0 %,"2,54,735",25.40%
463,Shahdol,12,ST,Madhya Pradesh [2000 Onwards],Dalpat Singh Paraste,Bharatiya Janta Party,"15,61,321","9,68,518",62.0 %,"2,41,301",24.90%
464,Shahjahanpur,27,SC,Uttar Pradesh [2000 Onwards],Krishna Raj,Bharatiya Janta Party,"19,79,294","11,29,841",57.1 %,"2,35,529",20.80%
465,Sheohar,4,GEN,Bihar [2000 Onwards],Rama Devi,Bharatiya Janta Party,"14,89,724","8,42,894",56.6 %,"1,36,239",16.20%
466,Shillong,1,ST,Meghalaya,Vincent H. Pala,Indian National Congress,"9,80,740","6,19,987",63.2 %,"40,379",6.50%
467,Shimla,4,SC,Himachal Pradesh,Virender Kashyap,Bharatiya Janta Party,"11,53,363","7,37,757",64.0 %,"84,187",11.40%
468,Shimoga,14,GEN,Karnataka,B. S. Yeddyurappa,Bharatiya Janta Party,"15,62,241","11,29,008",72.3 %,"3,63,305",32.20%
469,Shirdi,38,SC,Maharashtra,Lokhande Sadashiv Kisan,Shiv Sena,"14,59,712","9,32,645",63.9 %,"1,99,922",21.40%
470,Shirur,36,GEN,Maharashtra,Adhalrao Shivaji Dattatrey,Shiv Sena,"18,24,112","10,89,506",59.7 %,"3,01,814",27.70%
471,Shrawasti,58,GEN,Uttar Pradesh [2000 Onwards],Daddan Mishra,Bharatiya Janta Party,"17,88,080","9,79,638",54.8 %,"85,913",8.80%
472,Sidhi,11,GEN,Madhya Pradesh [2000 Onwards],Riti Pathak,Bharatiya Janta Party,"17,36,050","9,89,396",57.0 %,"1,08,046",10.90%
473,Sikar,5,GEN,Rajasthan,Sumedhanand Saraswati,Bharatiya Janta Party,"17,70,424","10,65,750",60.2 %,"2,39,196",22.40%
474,Sikkim,1,GEN,Sikkim,Prem Das Rai,Sikkim Democratic Front,"3,70,611","3,08,967",83.4 %,"41,742",13.50%
475,Silchar,2,GEN,Assam,Sushmita Dev,Indian National Congress,"10,60,175","7,99,830",75.4 %,"35,241",4.40%
476,Singhbhum,10,ST,Jharkhand,Laxman Giluwa,Bharatiya Janta Party,"11,52,570","7,95,286",69.0 %,"87,524",11.00%
477,Sirsa,3,SC,Haryana,Charanjeet Singh Rori,Indian National Lok Dal,"16,60,557","12,79,105",77.0 %,"1,15,736",9.00%
478,Sitamarhi,5,GEN,Bihar [2000 Onwards],Ram Kumar Sharma,Rashtriya Lok Samta Party,"15,74,914","9,00,588",57.2 %,"1,47,965",16.40%
479,Sitapur,30,GEN,Uttar Pradesh [2000 Onwards],Rajesh Verma,Bharatiya Janta Party,"15,50,263","10,26,972",66.3 %,"51,027",5.00%
480,Sivaganga,31,GEN,Tamil Nadu,Senthilnathan Pr,All India Anna Dravida Munnetra Kazhagam,"14,12,373","10,27,036",72.7 %,"2,29,385",22.30%
481,Siwan,18,GEN,Bihar [2000 Onwards],Om Prakash Yadav,Bharatiya Janta Party,"15,63,860","8,84,021",56.5 %,"1,13,847",12.90%
482,Solapur,42,SC,Maharashtra,Sharad Bansode,Bharatiya Janta Party,"17,02,755","9,51,201",55.9 %,"1,49,674",15.70%
483,Sonipat,6,GEN,Haryana,Ramesh Chander,Bharatiya Janta Party,"14,17,188","9,85,637",69.6 %,"77,414",7.90%
484,South Delhi,7,GEN,Delhi [1977 Onwards],Ramesh Bidhuri,Bharatiya Janta Party,"17,52,741","11,02,410",62.9 %,"1,07,000",9.70%
485,South Goa,2,GEN,Goa,Adv. Narendra Keshav Sawaikar,Bharatiya Janta Party,"5,45,336","4,10,369",75.3 %,"32,330",7.90%
486,Srerampur,27,GEN,West Bengal,Kalyan Banerjee,All India Trinamool Congress,"16,24,038","12,90,433",79.5 %,"1,52,526",11.80%
487,Srikakulam,19,GEN,Andhra Pradesh [2014 Onwards],Rammohan Naidu Kinjarapu,Telugu Desam,"14,13,989","10,51,446",74.4 %,"1,27,572",12.10%
488,Srinagar,2,GEN,Jammu & Kashmir,Tariq Hameed Karra,Jammu & Kashmir Peoples Democratic Party,"12,05,233","3,12,212",25.9 %,"42,280",13.50%
489,Sriperumbudur,5,GEN,Tamil Nadu,"Ramachandran, K.N. Thiru",All India Anna Dravida Munnetra Kazhagam,"19,46,503","12,86,647",66.1 %,"1,02,646",8.00%
490,Sultanpur,38,GEN,Uttar Pradesh [2000 Onwards],Feroze Varun Gandhi,Bharatiya Janta Party,"17,03,698","9,64,981",56.6 %,"1,78,902",18.50%
491,Sundargarh,2,ST,Orissa,Jual @ Juel Oram,Bharatiya Janta Party,"14,10,532","10,10,711",71.7 %,"18,829",1.90%
492,Supaul,8,GEN,Bihar [2000 Onwards],Ranjeet Ranjan,Indian National Congress,"15,25,592","9,70,528",63.6 %,"59,672",6.10%
493,Surat,24,GEN,Gujarat,Darshana Vikram Jardosh,Bharatiya Janta Party,"14,84,068","9,47,922",63.9 %,"5,33,190",56.20%
494,Surendranagar,9,GEN,Gujarat,Fatepara Devajibhai Govindbhai,Bharatiya Janta Party,"16,56,657","9,44,677",57.0 %,"2,02,907",21.50%
495,Tamluk,30,GEN,West Bengal,Adhikari Suvendu,All India Trinamool Congress,"15,27,273","13,37,684",87.6 %,"2,46,481",18.40%
496,Tehri Garhwal,1,GEN,Uttarakhand,Mala Rajya Laxmi Shah,Bharatiya Janta Party,"13,52,845","7,76,214",57.4 %,"1,92,503",24.80%
497,Tenkasi,37,SC,Tamil Nadu,Vasanthi.M,All India Anna Dravida Munnetra Kazhagam,"13,82,081","10,17,938",73.7 %,"1,61,774",15.90%
498,Tezpur,9,GEN,Assam,Ram Prasad Sarmah,Bharatiya Janta Party,"12,59,568","9,80,688",77.9 %,"86,020",8.80%
499,Thane,25,GEN,Maharashtra,Vichare Rajan Baburao,Shiv Sena,"20,73,442","10,54,189",50.8 %,"2,81,299",26.70%
500,Thanjavur,30,GEN,Tamil Nadu,Parasuraman.K,All India Anna Dravida Munnetra Kazhagam,"13,40,050","10,12,258",75.5 %,"1,44,119",14.20%
501,Theni,33,GEN,Tamil Nadu,"Parthipan, R.",All India Anna Dravida Munnetra Kazhagam,"14,41,302","10,75,583",74.6 %,"3,14,532",29.20%
502,Thiruvallur,1,SC,Tamil Nadu,Venugopal.P.(DR),All India Anna Dravida Munnetra Kazhagam,"17,02,833","12,54,440",73.7 %,"3,23,430",25.80%
503,Thiruvananthapuram,20,GEN,Kerala,Dr. Shashi Tharoor,Indian National Congress,"12,72,748","8,73,439",68.6 %,"15,470",1.80%
504,Thoothukkudi,36,GEN,Tamil Nadu,Jeyasingh Thiyagaraj Natterjee.J,All India Anna Dravida Munnetra Kazhagam,"13,10,597","9,16,778",70.0 %,"1,24,002",13.50%
505,Thrissur,10,GEN,Kerala,C. N. Jayadevan,Communist Party Of India,"12,75,288","9,20,505",72.2 %,"38,227",4.20%
506,Tikamgarh,6,SC,Madhya Pradesh [2000 Onwards],Dr. Virendra Kumar,Bharatiya Janta Party,"15,29,003","7,66,321",50.1 %,"2,08,731",27.20%
507,Tiruchirappalli,24,GEN,Tamil Nadu,Kumar.P,All India Anna Dravida Munnetra Kazhagam,"13,87,140","9,88,250",71.2 %,"1,50,476",15.20%
508,Tirunelveli,38,GEN,Tamil Nadu,Prabakaran.K.R.P,All India Anna Dravida Munnetra Kazhagam,"14,20,435","9,62,330",67.8 %,"1,26,099",13.10%
509,Tirupati,40,SC,Andhra Pradesh [2014 Onwards],Varaprasad Rao Velagapalli,Yuvajana Sramika Rythu Congress Party,"15,74,544","12,13,064",77.0 %,"37,425",3.10%
510,Tiruppur,18,GEN,Tamil Nadu,V.Sathyabama,All India Anna Dravida Munnetra Kazhagam,"13,75,589","10,50,190",76.3 %,"1,79,315",17.10%
511,Tiruvannamalai,11,GEN,Tamil Nadu,Vanaroja R,All India Anna Dravida Munnetra Kazhagam,"13,52,966","10,67,447",78.9 %,"1,68,606",15.80%
512,Tonk-Sawai Madhopur,12,GEN,Rajasthan,Sukhbir Singh Jaunapuria,Bharatiya Janta Party,"17,10,775","10,43,040",61.0 %,"1,35,311",13.00%
513,Tripura East,2,ST,Tripura,Jitendra Choudhury,Communist Party Of India (MARXIST),"11,40,269","9,51,110",83.4 %,"4,84,358",50.90%
514,Tripura West,1,GEN,Tripura,Sankar Prasad Datta,Communist Party Of India (MARXIST),"12,48,550","10,72,749",85.9 %,"5,03,486",46.90%
515,Tumkur,19,GEN,Karnataka,Muddahanumegowda.S.P.,Indian National Congress,"15,18,518","11,01,484",72.5 %,"74,041",6.70%
516,Tura,2,ST,Meghalaya,Purno Agitok Sangma,National People's Party,"5,86,501","4,58,071",78.1 %,"39,716",8.70%
517,Udaipur,19,ST,Rajasthan,Arjunlal Meena,Bharatiya Janta Party,"18,17,940","11,93,202",65.6 %,"2,36,762",19.80%
518,Udhampur,5,GEN,Jammu & Kashmir,Dr. Jitendra Singh,Bharatiya Janta Party,"14,90,244","10,41,758",69.9 %,"60,976",5.90%
519,Udupi Chikmagalur,15,GEN,Karnataka,Shobha Karandlaje,Bharatiya Janta Party,"13,87,295","10,34,108",74.5 %,"1,81,643",17.60%
520,Ujiarpur,22,GEN,Bihar [2000 Onwards],Nityanand Rai,Bharatiya Janta Party,"14,28,445","8,58,920",60.1 %,"60,469",7.00%
521,Ujjain,22,SC,Madhya Pradesh [2000 Onwards],Prof. Chintamani Malviya,Bharatiya Janta Party,"15,25,481","10,16,405",66.6 %,"3,09,663",30.50%
522,Uluberia,26,GEN,West Bengal,Sultan Ahmed,All India Trinamool Congress,"14,48,632","11,86,027",81.9 %,"2,01,222",17.00%
523,Unnao,33,GEN,Uttar Pradesh [2000 Onwards],Swami Sachchidanand Hari Sakshi,Bharatiya Janta Party,"21,64,392","12,01,603",55.5 %,"3,10,173",25.80%
524,Uttara Kannada,12,GEN,Karnataka,Anantkumar Hegde,Bharatiya Janta Party,"14,50,599","10,01,038",69.0 %,"1,40,700",14.10%
525,Vadakara,3,GEN,Kerala,Mullappally Ramachandran,Indian National Congress,"11,82,504","9,59,342",81.1 %,"3,306",0.30%
526,Vadodara,20,GEN,Gujarat,Narendra Modi,Bharatiya Janta Party,"16,38,321","11,61,577",70.9 %,"5,70,128",49.10%
527,Vaishali,16,GEN,Bihar [2000 Onwards],Rama Kishore Singh,Lok Jan Shakti Party,"15,87,202","9,25,937",58.3 %,"99,267",10.70%
528,Valmiki Nagar,1,GEN,Bihar [2000 Onwards],Satish Chandra Dubey,Bharatiya Janta Party,"14,56,576","9,00,114",61.8 %,"1,17,793",13.10%
529,Valsad,26,ST,Gujarat,Dr. K.C.Patel,Bharatiya Janta Party,"15,12,061","11,22,203",74.2 %,"2,08,004",18.50%
530,Varanasi,77,GEN,Uttar Pradesh [2000 Onwards],Narendra Modi,Bharatiya Janta Party,"17,67,486","10,30,685",58.3 %,"3,71,784",36.10%
531,Vellore,8,GEN,Tamil Nadu,"Senguttuvan, B.",All India Anna Dravida Munnetra Kazhagam,"13,12,251","9,74,770",74.3 %,"59,393",6.10%
532,Vidisha,18,GEN,Madhya Pradesh [2000 Onwards],Sushma Swaraj,Bharatiya Janta Party,"16,34,370","10,73,473",65.7 %,"4,10,698",38.30%
533,Vijayawada,29,GEN,Andhra Pradesh [2014 Onwards],Kesineni Srinivas,Telugu Desam,"15,64,513","11,95,075",76.4 %,"74,862",6.30%
534,Viluppuram,13,SC,Tamil Nadu,Rajendran S,All India Anna Dravida Munnetra Kazhagam,"13,87,007","10,67,641",77.0 %,"1,93,367",18.10%
535,Virudhunagar,34,GEN,Tamil Nadu,Radhakrishnan T,All India Anna Dravida Munnetra Kazhagam,"13,50,495","10,10,930",74.9 %,"1,45,551",14.40%
536,Visakhapatnam,21,GEN,Andhra Pradesh [2014 Onwards],Kambhampati Hari Babu,Bharatiya Janta Party,"17,23,037","11,63,558",67.5 %,"90,488",7.80%
537,Vizianagaram,20,GEN,Andhra Pradesh [2014 Onwards],Ashok Gajapathi Raju Pusapati,Telugu Desam,"14,04,127","11,20,316",79.8 %,"1,06,911",9.50%
538,Warangal,15,SC,Telangana,Kadiyam Srihari,Telangana Rashtra Samithi,"15,37,781","11,74,631",76.4 %,"3,92,574",33.40%
539,Wardha,8,GEN,Maharashtra,Ramdas Chandrabhanji Tadas,Bharatiya Janta Party,"15,64,553","10,13,445",64.8 %,"2,15,783",21.30%
540,Wayanad,4,GEN,Kerala,M I Shanavas,Indian National Congress,"12,49,420","9,15,006",73.2 %,"20,870",2.30%
541,West Delhi,6,GEN,Delhi [1977 Onwards],Parvesh Sahib Singh Verma,Bharatiya Janta Party,"20,39,410","13,47,971",66.1 %,"2,68,586",19.90%
542,Yavatmal-Washim,14,GEN,Maharashtra,Gawali Bhavana Pundlikrao,Shiv Sena,"17,43,498","10,32,949",59.3 %,"93,816",9.10%
543,Zahirabad,5,GEN,Telangana,B.B. Patil,Telangana Rashtra Samithi,"14,45,246","10,94,806",75.8 %,"1,44,631",13.20%